sno	Question1	Question2	Question3	Question4	Question5	Question6	Question7	Question8	Question9	Question10	Question11	Question12	Question13	Question14	Question15
Question	What type of profession are you in?( आप किस तरह के पेशे(Job) में हैं?)	Where do you live? (आप कहाँ रहते हैं?)	Have you experienced the symptoms of Dry Eye Disease for a long period? (Select all that apply)( क्या आपको लंबे समय से ड्राई आई डिजीज के लक्षण महसूस हो रहे हैं?)( आप एक से ज्यादा चुन सकते हैं)	How often do you experience the above symptoms? (आपको उपरोक्त लक्षण कितनी बार महसूस होते हैं?)	What medication have you taken ever for the Dry Eye Disease problem? (ड्राई आई डिजीज की समस्या के लिए आपने कभी कौन सी दवा ली है?)	What factors do you think contribute the most to the increase in Dry Eye Disease? (Select all that apply) [आपको क्या लगता है कि ड्राई आई डिजीज में वृद्धि में कौन से कारक सबसे अधिक योगदान देते हैं?] ?)( आप एक से ज्यादा चुन सकते हैं)	What is your age group? (आपकी आयु क्या है?)	Are you aware of the long-term complications that can arise from untreated Dry Eye Disease (DED)? (क्या आप उन दीर्घकालिक समस्या के बारे में जानते हैं जो ड्राई आई डिजीज (डीईडी) से उत्पन्न हो सकती हैं?)	How important do you think an early diagnosis of Dry Eye Disease is in preventing complications like vision loss? (आपको लगता है कि दृष्टि हानि जैसी समस्या को रोकने में ड्राई आई डिजीज का शुरुआत में ही पता चल जाना, कितना महत्वपूर्ण है?)	How important do you think an early diagnosis of Dry Eye Disease is in preventing complications like vision loss? (आपको लगता है कि दृष्टि हानि जैसी समस्या को रोकने में ड्राई आई डिजीज का शुरुआत में ही पता चल जाना, कितना महत्वपूर्ण है?)	How do you prefer to treat DED? (Select all that apply) (आप डीईडी का इलाज कैसे करना पसंद करते हैं?) ( आप एक से ज्यादा चुन सकते हैं)	How comfortable are you with self-administering OTC eye drops for any eye problem? (किसी भी आंख की समस्या के लिए आई ड्रॉप को स्वयं से डालना कितना आसान है?)	For verification purposes, kindly choose option C for this question to confirm your attention.(सत्यापन के उद्देश्य से, कृपया इस प्रश्न के लिए विकल्प C चुनें ताकि आप इस पर अपना ध्यान दे सकें।)	How regularly do you use OTC eye drops? (आप OTC आई ड्रॉप का कितनी नियमितता से उपयोग करते हैं?)	Would you be willing to participate in a trial or provide feedback on a device designed for diagnosing and managing DED? (क्या आप DED के निदान और प्रबंधन के लिए डिज़ाइन किए गए डिवाइस पर परीक्षण में भाग लेने या प्रतिक्रिया देने के लिए तैयार होंगे?)
Options	Desk Job with high screen time (ज्यादा समय तक कंप्यूटर के सामने बैठकर जॉब),Desk Job with normal screen time (सामान्य समय तक कंप्यूटर के सामने बैठकर जॉब),Field job in a dusty environment (धूल भरे माहौल में फील्ड जॉब),Field job in a normal environment (सामान्य माहौल में फील्ड जॉब),Any other (कोई और)	1st Tier City (बड़ा शहर),2nd Tier city (छोटा शहर),3rd Tier city (कस्बा),Villages (गांव)	Dry, irritated eyes (सुखी या आंख में जलन होना),Redness (लाल),Blurred vision (धुंधला दिखना),Sensitivity to light (प्रकाश में जलन होना),A feeling of something in the eye (आँख में कुछ महसूस होना),Never (कभी नहीं)	Daily (प्रतिदिन),Several times a week (सप्ताह में कई बार),A few times a month (महीने में कुछ बार),Rarely (शायद ही कभी),Never (कभी नहीं)	Eye drops (आई ड्रॉप),Eye gels (आई जेल),Tablet (टैबलेट),Surgery सर्जरी),None of the above (इनमें से कोई नहीं)	Increased screen time (computer/phone) (ज्यादा समय तक कंप्यूटर/फोन देखना ),Air pollution (वायु प्रदूषण),Air-conditioned environments (वातानुकूलित वातावरण),Aging (उम्र बढ़ना),Poor diet (खराब आहार),Contact lens use (चश्मा लगाना),Other (अन्य),I don't know (मुझें नहीं पता)	Under 18,18-25,26-35,36-45,46-55,Over 55	Yes, fully aware (हाँ, पूरी तरह से अवगत),Yes, somewhat aware (हाँ, कुछ हद तक अवगत),No, not aware (नहीं, अवगत नहीं)			Over-the-counter(OTC) eye drops (आई ड्रॉप),Prescription medication (डॉक्टर की सलाह से दवा),Lifestyle changes (screen time reduction, diet) (जीवनशैली में बदलाव (स्क्रीन टाइम में कमी, आहार)),A wearable diagnostic and treatment device (पहनने योग्य डायग्नोस्टिक और उपचार डिवाइस),Other (अन्य)		Yes ,No,Never ,Maybe 	Daily (प्रतिदिन),Several times a week (सप्ताह में कई बार),A few times a month (महीने में कुछ बार),Rarely (शायद ही कभी),Never (कभी नहीं)	Yes (हाँ),No (नहीं),Maybe, I’d need more information (शायद, मुझे अधिक जानकारी चाहिए)
1	Field job in a normal environment (सामान्य माहौल में फील्ड जॉब)	1st Tier City (बड़ा शहर)	Sensitivity to light (प्रकाश में जलन होना)	Rarely (शायद ही कभी)	Eye drops (आई ड्रॉप)	Air pollution (वायु प्रदूषण),Poor diet (खराब आहार),Increased screen time (computer/phone) (ज्यादा समय तक कंप्यूटर/फोन देखना )	Under 18	Yes, somewhat aware (हाँ, कुछ हद तक अवगत)	https://api.sae.today/iota/clouds/audio/41cb660c-783c-426b-8f87-096cbe3fab71-AUDIO.m4a	https://api.sae.today/iota/clouds/audio/58cc1e43-31af-4ed4-949f-cb4dba255499-AUDIO.m4a	Lifestyle changes (screen time reduction, diet) (जीवनशैली में बदलाव (स्क्रीन टाइम में कमी, आहार)),Over-the-counter(OTC) eye drops (आई ड्रॉप)	7	Never 	Rarely (शायद ही कभी)	Yes (हाँ)
2	Desk Job with high screen time (ज्यादा समय तक कंप्यूटर के सामने बैठकर जॉब)	2nd Tier city (छोटा शहर)	Dry, irritated eyes (सुखी या आंख में जलन होना),Redness (लाल),Blurred vision (धुंधला दिखना),A feeling of something in the eye (आँख में कुछ महसूस होना)	A few times a month (महीने में कुछ बार)	Tablet (टैबलेट),Eye drops (आई ड्रॉप)	Increased screen time (computer/phone) (ज्यादा समय तक कंप्यूटर/फोन देखना ),Air pollution (वायु प्रदूषण),Poor diet (खराब आहार)	18-25	No, not aware (नहीं, अवगत नहीं)	https://api.sae.today/iota/clouds/audio/4ac0418a-5218-42b0-bc7d-0b3cb5b5e715-AUDIO.m4a	https://api.sae.today/iota/clouds/audio/99c77046-a985-4e45-844a-3b1f330b5744-AUDIO.m4a	Prescription medication (डॉक्टर की सलाह से दवा),Lifestyle changes (screen time reduction, diet) (जीवनशैली में बदलाव (स्क्रीन टाइम में कमी, आहार)),A wearable diagnostic and treatment device (पहनने योग्य डायग्नोस्टिक और उपचार डिवाइस)	4	Never 	Rarely (शायद ही कभी)	Yes (हाँ)
3	Any other (कोई और)	1st Tier City (बड़ा शहर)	A feeling of something in the eye (आँख में कुछ महसूस होना)	Rarely (शायद ही कभी)	Eye drops (आई ड्रॉप),Eye gels (आई जेल)	Increased screen time (computer/phone) (ज्यादा समय तक कंप्यूटर/फोन देखना ),Air pollution (वायु प्रदूषण),Air-conditioned environments (वातानुकूलित वातावरण),Aging (उम्र बढ़ना),Poor diet (खराब आहार)	Under 18	No, not aware (नहीं, अवगत नहीं)	https://api.sae.today/iota/clouds/audio/b4685dd3-fc1c-4b55-a397-a4238653dad4-AUDIO.m4a	https://api.sae.today/iota/clouds/audio/34d9ef02-2d86-4825-991e-2c6fc3b343c6-AUDIO.m4a	Over-the-counter(OTC) eye drops (आई ड्रॉप),Prescription medication (डॉक्टर की सलाह से दवा),Lifestyle changes (screen time reduction, diet) (जीवनशैली में बदलाव (स्क्रीन टाइम में कमी, आहार))	8	Never 	A few times a month (महीने में कुछ बार)	Yes (हाँ)
4	Any other (कोई और)	2nd Tier city (छोटा शहर)	Dry, irritated eyes (सुखी या आंख में जलन होना)	Several times a week (सप्ताह में कई बार)	None of the above (इनमें से कोई नहीं)	Increased screen time (computer/phone) (ज्यादा समय तक कंप्यूटर/फोन देखना ),Air pollution (वायु प्रदूषण),Air-conditioned environments (वातानुकूलित वातावरण),Aging (उम्र बढ़ना)	18-25	No, not aware (नहीं, अवगत नहीं)	https://api.sae.today/iota/clouds/audio/87ef369c-9bbf-4278-902d-4bd376de0d25-AUDIO.m4a	https://api.sae.today/iota/clouds/audio/2eb1c9e2-ad81-4f15-9a70-c600ca0a97cc-AUDIO.m4a	Over-the-counter(OTC) eye drops (आई ड्रॉप),Prescription medication (डॉक्टर की सलाह से दवा),A wearable diagnostic and treatment device (पहनने योग्य डायग्नोस्टिक और उपचार डिवाइस)	10	Never 	Daily (प्रतिदिन)	Yes (हाँ)
5	Desk Job with high screen time (ज्यादा समय तक कंप्यूटर के सामने बैठकर जॉब)	1st Tier City (बड़ा शहर)	A feeling of something in the eye (आँख में कुछ महसूस होना)	Several times a week (सप्ताह में कई बार)	Eye drops (आई ड्रॉप)	Increased screen time (computer/phone) (ज्यादा समय तक कंप्यूटर/फोन देखना ),Air pollution (वायु प्रदूषण),Air-conditioned environments (वातानुकूलित वातावरण)	18-25	Yes, somewhat aware (हाँ, कुछ हद तक अवगत)	https://api.sae.today/iota/clouds/audio/97f78f4f-b229-4ec7-ae9d-630a41d2c27a-AUDIO.m4a	https://api.sae.today/iota/clouds/audio/2cbdf7ff-c10a-43ef-9e92-45625143b67c-AUDIO.m4a	Over-the-counter(OTC) eye drops (आई ड्रॉप),Prescription medication (डॉक्टर की सलाह से दवा),Lifestyle changes (screen time reduction, diet) (जीवनशैली में बदलाव (स्क्रीन टाइम में कमी, आहार))	2	Never 	Rarely (शायद ही कभी)	Yes (हाँ)
6	Desk Job with high screen time (ज्यादा समय तक कंप्यूटर के सामने बैठकर जॉब)	2nd Tier city (छोटा शहर)	Redness (लाल)	Daily (प्रतिदिन)	Eye drops (आई ड्रॉप)	Poor diet (खराब आहार)	18-25	Yes, fully aware (हाँ, पूरी तरह से अवगत)	https://api.sae.today/iota/clouds/audio/61c4213e-c3d1-40a1-94bd-c94621cea9bb-AUDIO.m4a	https://api.sae.today/iota/clouds/audio/703185cd-bc7b-4a3f-adef-decd34a57b71-AUDIO.m4a	Prescription medication (डॉक्टर की सलाह से दवा)	5	Never 	Daily (प्रतिदिन)	Yes (हाँ)
7	Desk Job with normal screen time (सामान्य समय तक कंप्यूटर के सामने बैठकर जॉब),Desk Job with high screen time (ज्यादा समय तक कंप्यूटर के सामने बैठकर जॉब)	Villages (गांव)	Redness (लाल)	Several times a week (सप्ताह में कई बार)	Eye drops (आई ड्रॉप)	Air pollution (वायु प्रदूषण),Increased screen time (computer/phone) (ज्यादा समय तक कंप्यूटर/फोन देखना )	18-25	Yes, fully aware (हाँ, पूरी तरह से अवगत)	https://api.sae.today/iota/clouds/audio/9ce0a6ab-66d2-433e-9b3d-cc47e22ecb2b-AUDIO.m4a	https://api.sae.today/iota/clouds/audio/92df6ebe-90a2-4b62-9e74-ccf54f785ca6-AUDIO.m4a	Over-the-counter(OTC) eye drops (आई ड्रॉप),Other (अन्य)	8	Never 	Rarely (शायद ही कभी)	Yes (हाँ)
8	Any other (कोई और)	1st Tier City (बड़ा शहर)	Redness (लाल),Sensitivity to light (प्रकाश में जलन होना),A feeling of something in the eye (आँख में कुछ महसूस होना)	A few times a month (महीने में कुछ बार)	Eye drops (आई ड्रॉप)	Air pollution (वायु प्रदूषण),Other (अन्य)	18-25	Yes, fully aware (हाँ, पूरी तरह से अवगत)	https://api.sae.today/iota/clouds/audio/2a793425-150a-41e2-b583-1765592bcc7e-AUDIO.m4a	https://api.sae.today/iota/clouds/audio/f2826171-5c92-43c1-89e6-3e00f0d5cc86-AUDIO.m4a	Prescription medication (डॉक्टर की सलाह से दवा),Lifestyle changes (screen time reduction, diet) (जीवनशैली में बदलाव (स्क्रीन टाइम में कमी, आहार)),Other (अन्य)	10	Never 	Rarely (शायद ही कभी)	Maybe, I’d need more information (शायद, मुझे अधिक जानकारी चाहिए)
9	Desk Job with normal screen time (सामान्य समय तक कंप्यूटर के सामने बैठकर जॉब)	2nd Tier city (छोटा शहर)	Dry, irritated eyes (सुखी या आंख में जलन होना)	Several times a week (सप्ताह में कई बार)	Eye drops (आई ड्रॉप)	Increased screen time (computer/phone) (ज्यादा समय तक कंप्यूटर/फोन देखना )	18-25	No, not aware (नहीं, अवगत नहीं)	https://api.sae.today/iota/clouds/audio/6c7469ae-2fba-4ea8-8a44-183bbaf1f795-AUDIO.m4a	https://api.sae.today/iota/clouds/audio/43a5f239-d5e6-4d2b-974f-7c33c04b09ac-AUDIO.m4a	Prescription medication (डॉक्टर की सलाह से दवा)	8	Never 	Daily (प्रतिदिन)	Maybe, I’d need more information (शायद, मुझे अधिक जानकारी चाहिए)
10	Desk Job with high screen time (ज्यादा समय तक कंप्यूटर के सामने बैठकर जॉब)	1st Tier City (बड़ा शहर)	Redness (लाल),Blurred vision (धुंधला दिखना)	A few times a month (महीने में कुछ बार)	None of the above (इनमें से कोई नहीं)	Increased screen time (computer/phone) (ज्यादा समय तक कंप्यूटर/फोन देखना ),Air pollution (वायु प्रदूषण)	36-45	No, not aware (नहीं, अवगत नहीं)	https://api.sae.today/iota/clouds/audio/9c6c9825-af35-4fbd-9157-3f02a337e648-AUDIO.m4a	https://api.sae.today/iota/clouds/audio/60e0b8f1-3ca3-4d95-afb3-e0e463d7a475-AUDIO.m4a	Prescription medication (डॉक्टर की सलाह से दवा),Over-the-counter(OTC) eye drops (आई ड्रॉप),A wearable diagnostic and treatment device (पहनने योग्य डायग्नोस्टिक और उपचार डिवाइस),Lifestyle changes (screen time reduction, diet) (जीवनशैली में बदलाव (स्क्रीन टाइम में कमी, आहार))	7	Never 	Rarely (शायद ही कभी)	Yes (हाँ)
11	Desk Job with normal screen time (सामान्य समय तक कंप्यूटर के सामने बैठकर जॉब),Any other (कोई और)	1st Tier City (बड़ा शहर)	Blurred vision (धुंधला दिखना),Sensitivity to light (प्रकाश में जलन होना),Dry, irritated eyes (सुखी या आंख में जलन होना)	A few times a month (महीने में कुछ बार)	Eye drops (आई ड्रॉप)	Increased screen time (computer/phone) (ज्यादा समय तक कंप्यूटर/फोन देखना ),Air pollution (वायु प्रदूषण),Poor diet (खराब आहार)	18-25	No, not aware (नहीं, अवगत नहीं)	https://api.sae.today/iota/clouds/audio/055af18b-4a11-4b89-a651-0213bea23ed0-AUDIO.m4a	https://api.sae.today/iota/clouds/audio/f416d07b-6239-45bc-8b25-02527c388255-AUDIO.m4a	Prescription medication (डॉक्टर की सलाह से दवा),Lifestyle changes (screen time reduction, diet) (जीवनशैली में बदलाव (स्क्रीन टाइम में कमी, आहार))	6	Never 	Rarely (शायद ही कभी)	Yes (हाँ)
12	Any other (कोई और)	2nd Tier city (छोटा शहर)	Never (कभी नहीं)	Never (कभी नहीं)	Eye drops (आई ड्रॉप)	Air pollution (वायु प्रदूषण),Increased screen time (computer/phone) (ज्यादा समय तक कंप्यूटर/फोन देखना ),Poor diet (खराब आहार)	18-25	Yes, fully aware (हाँ, पूरी तरह से अवगत)	https://api.sae.today/iota/clouds/audio/4e83e7ec-2857-487a-b2f6-b2a4d6123757-AUDIO.m4a	https://api.sae.today/iota/clouds/audio/8611c563-710a-42ef-a654-1c8537719f4d-AUDIO.m4a	Prescription medication (डॉक्टर की सलाह से दवा),Lifestyle changes (screen time reduction, diet) (जीवनशैली में बदलाव (स्क्रीन टाइम में कमी, आहार))	5	Never 	Rarely (शायद ही कभी)	Yes (हाँ)
13	Field job in a dusty environment (धूल भरे माहौल में फील्ड जॉब)	1st Tier City (बड़ा शहर)	Dry, irritated eyes (सुखी या आंख में जलन होना)	Rarely (शायद ही कभी)	Eye drops (आई ड्रॉप)	Air pollution (वायु प्रदूषण)	Over 55	No, not aware (नहीं, अवगत नहीं)	https://api.sae.today/iota/clouds/audio/02aab232-54f6-4d80-bca5-2ffa1d903d57-AUDIO.m4a	https://api.sae.today/iota/clouds/audio/fa030c28-e485-423b-9d74-dfa44697e866-AUDIO.m4a	Prescription medication (डॉक्टर की सलाह से दवा)	5	Never 	Rarely (शायद ही कभी)	Yes (हाँ)
14	Any other (कोई और)	3rd Tier city (कस्बा)	Blurred vision (धुंधला दिखना),Sensitivity to light (प्रकाश में जलन होना)	A few times a month (महीने में कुछ बार)	Eye drops (आई ड्रॉप)	Increased screen time (computer/phone) (ज्यादा समय तक कंप्यूटर/फोन देखना ),Aging (उम्र बढ़ना),Poor diet (खराब आहार)	18-25	No, not aware (नहीं, अवगत नहीं)	https://api.sae.today/iota/clouds/audio/d4b04946-7dc7-4047-a0c5-58e3a3533395-AUDIO.m4a	https://api.sae.today/iota/clouds/audio/b42f2777-9e88-45f3-a00c-3583a08f00f1-AUDIO.m4a	Prescription medication (डॉक्टर की सलाह से दवा),Lifestyle changes (screen time reduction, diet) (जीवनशैली में बदलाव (स्क्रीन टाइम में कमी, आहार)),A wearable diagnostic and treatment device (पहनने योग्य डायग्नोस्टिक और उपचार डिवाइस),Over-the-counter(OTC) eye drops (आई ड्रॉप)	7	Never 	A few times a month (महीने में कुछ बार)	Maybe, I’d need more information (शायद, मुझे अधिक जानकारी चाहिए)
15	Desk Job with high screen time (ज्यादा समय तक कंप्यूटर के सामने बैठकर जॉब),Any other (कोई और),Field job in a normal environment (सामान्य माहौल में फील्ड जॉब)	3rd Tier city (कस्बा)	Blurred vision (धुंधला दिखना)	Rarely (शायद ही कभी)	Eye drops (आई ड्रॉप)	Increased screen time (computer/phone) (ज्यादा समय तक कंप्यूटर/फोन देखना )	46-55	Yes, fully aware (हाँ, पूरी तरह से अवगत)	https://api.sae.today/iota/clouds/audio/3298602f-eec3-4301-9329-192f3afb113f-AUDIO.m4a	https://api.sae.today/iota/clouds/audio/ee1d066b-8e56-4773-8fcc-4a9fb959adc5-AUDIO.m4a	Over-the-counter(OTC) eye drops (आई ड्रॉप)	8	Never 	Rarely (शायद ही कभी)	Yes (हाँ)
16	Desk Job with normal screen time (सामान्य समय तक कंप्यूटर के सामने बैठकर जॉब)	1st Tier City (बड़ा शहर)	Blurred vision (धुंधला दिखना)	Daily (प्रतिदिन)	Tablet (टैबलेट)	Increased screen time (computer/phone) (ज्यादा समय तक कंप्यूटर/फोन देखना )	18-25	Yes, somewhat aware (हाँ, कुछ हद तक अवगत)	https://api.sae.today/iota/clouds/audio/cee7e624-3d01-4253-b49e-50ff5fab0509-AUDIO.m4a	https://api.sae.today/iota/clouds/audio/0b5f0bc8-f8c2-47bd-a525-7188ed20774a-AUDIO.m4a	Prescription medication (डॉक्टर की सलाह से दवा)	5	Never 	Rarely (शायद ही कभी)	Maybe, I’d need more information (शायद, मुझे अधिक जानकारी चाहिए)
17	Any other (कोई और)	Villages (गांव)	Never (कभी नहीं)	Never (कभी नहीं)	Eye drops (आई ड्रॉप)	Increased screen time (computer/phone) (ज्यादा समय तक कंप्यूटर/फोन देखना )	18-25	Yes, somewhat aware (हाँ, कुछ हद तक अवगत)	https://api.sae.today/iota/clouds/audio/2e1d2763-3e86-4608-a2a9-481928883feb-AUDIO.m4a	https://api.sae.today/iota/clouds/audio/f7546c20-c152-4d82-9483-e1acc4a0d9f1-AUDIO.m4a	Lifestyle changes (screen time reduction, diet) (जीवनशैली में बदलाव (स्क्रीन टाइम में कमी, आहार)),Prescription medication (डॉक्टर की सलाह से दवा)	2	No	Rarely (शायद ही कभी)	No (नहीं)
18	Desk Job with normal screen time (सामान्य समय तक कंप्यूटर के सामने बैठकर जॉब)	2nd Tier city (छोटा शहर)	Blurred vision (धुंधला दिखना),Redness (लाल)	Several times a week (सप्ताह में कई बार)	Eye drops (आई ड्रॉप)	Aging (उम्र बढ़ना),Increased screen time (computer/phone) (ज्यादा समय तक कंप्यूटर/फोन देखना )	18-25	Yes, somewhat aware (हाँ, कुछ हद तक अवगत)	https://api.sae.today/iota/clouds/audio/2239bf61-b3c5-4a12-97d2-d5aa8119e386-AUDIO.m4a	https://api.sae.today/iota/clouds/audio/316f5771-92c1-4a8e-8662-204bd3d3be5e-AUDIO.m4a	Over-the-counter(OTC) eye drops (आई ड्रॉप),Lifestyle changes (screen time reduction, diet) (जीवनशैली में बदलाव (स्क्रीन टाइम में कमी, आहार)),A wearable diagnostic and treatment device (पहनने योग्य डायग्नोस्टिक और उपचार डिवाइस)	7	Never 	Several times a week (सप्ताह में कई बार)	Yes (हाँ)
19	Any other (कोई और)	1st Tier City (बड़ा शहर)	Redness (लाल)	Rarely (शायद ही कभी)	Eye drops (आई ड्रॉप)	Contact lens use (चश्मा लगाना),Aging (उम्र बढ़ना)	Under 18	Yes, fully aware (हाँ, पूरी तरह से अवगत)	https://api.sae.today/iota/clouds/audio/b918dec0-a9a3-4ff0-9752-a4f97975877a-AUDIO.m4a	https://api.sae.today/iota/clouds/audio/d2016297-5fdd-444d-84e2-63dcf085dd61-AUDIO.m4a	Over-the-counter(OTC) eye drops (आई ड्रॉप),Prescription medication (डॉक्टर की सलाह से दवा),Lifestyle changes (screen time reduction, diet) (जीवनशैली में बदलाव (स्क्रीन टाइम में कमी, आहार))	4	Never 	Rarely (शायद ही कभी)	Yes (हाँ)
20	Field job in a normal environment (सामान्य माहौल में फील्ड जॉब)	3rd Tier city (कस्बा)	Redness (लाल)	Never (कभी नहीं)	Eye drops (आई ड्रॉप)	I don't know (मुझें नहीं पता)	18-25	No, not aware (नहीं, अवगत नहीं)	https://api.sae.today/iota/clouds/audio/1e60450c-0c8e-4fcc-bc45-00cda6804a93-AUDIO.m4a	https://api.sae.today/iota/clouds/audio/a394e610-5a7e-4ea5-ba07-71bf4d474089-AUDIO.m4a	Over-the-counter(OTC) eye drops (आई ड्रॉप)	10	Never 	Never (कभी नहीं)	Maybe, I’d need more information (शायद, मुझे अधिक जानकारी चाहिए)
21	Any other (कोई और)	1st Tier City (बड़ा शहर)	Never (कभी नहीं)	Never (कभी नहीं)	None of the above (इनमें से कोई नहीं)	Increased screen time (computer/phone) (ज्यादा समय तक कंप्यूटर/फोन देखना ),Poor diet (खराब आहार),Contact lens use (चश्मा लगाना),Other (अन्य)	Under 18	Yes, somewhat aware (हाँ, कुछ हद तक अवगत)	https://api.sae.today/iota/clouds/audio/4f9419ab-f08b-4a41-9b8d-1a60e9e5f12d-AUDIO.m4a	https://api.sae.today/iota/clouds/audio/7d603e94-076e-4c94-9c98-0f61c0250830-AUDIO.m4a	Lifestyle changes (screen time reduction, diet) (जीवनशैली में बदलाव (स्क्रीन टाइम में कमी, आहार)),Prescription medication (डॉक्टर की सलाह से दवा)	6	Never 	Rarely (शायद ही कभी)	Maybe, I’d need more information (शायद, मुझे अधिक जानकारी चाहिए)
22	Any other (कोई और)	2nd Tier city (छोटा शहर)	Never (कभी नहीं)	Never (कभी नहीं)	None of the above (इनमें से कोई नहीं)	Increased screen time (computer/phone) (ज्यादा समय तक कंप्यूटर/फोन देखना )	Under 18	No, not aware (नहीं, अवगत नहीं)	https://api.sae.today/iota/clouds/audio/38e5a37d-7875-485f-a2ef-3a23b9184f1c-AUDIO.m4a	https://api.sae.today/iota/clouds/audio/8091f0bd-5d94-4a3b-a959-9cceb1c028a2-AUDIO.m4a	Lifestyle changes (screen time reduction, diet) (जीवनशैली में बदलाव (स्क्रीन टाइम में कमी, आहार))	2	Never 	Never (कभी नहीं)	Maybe, I’d need more information (शायद, मुझे अधिक जानकारी चाहिए)
23	Desk Job with high screen time (ज्यादा समय तक कंप्यूटर के सामने बैठकर जॉब)	2nd Tier city (छोटा शहर)	Redness (लाल)	Daily (प्रतिदिन)	Eye gels (आई जेल)	Air pollution (वायु प्रदूषण)	18-25	No, not aware (नहीं, अवगत नहीं)	https://api.sae.today/iota/clouds/audio/98942ed4-ddcf-4270-a117-908b1593fde9-AUDIO.m4a	https://api.sae.today/iota/clouds/audio/5b22bb86-4ea3-4962-8b79-16a6539a665d-AUDIO.m4a	Prescription medication (डॉक्टर की सलाह से दवा)	7	Yes 	Several times a week (सप्ताह में कई बार)	Yes (हाँ)
24	Any other (कोई और)	1st Tier City (बड़ा शहर)	A feeling of something in the eye (आँख में कुछ महसूस होना)	Rarely (शायद ही कभी)	Eye drops (आई ड्रॉप),Eye gels (आई जेल)	Increased screen time (computer/phone) (ज्यादा समय तक कंप्यूटर/फोन देखना )	Under 18	Yes, somewhat aware (हाँ, कुछ हद तक अवगत)	https://api.sae.today/iota/clouds/audio/9ac78ea9-2706-4373-90fd-b72c5ef3466e-AUDIO.m4a	https://api.sae.today/iota/clouds/audio/fae101f5-b539-474e-bfba-78dd9752fe0f-AUDIO.m4a	Lifestyle changes (screen time reduction, diet) (जीवनशैली में बदलाव (स्क्रीन टाइम में कमी, आहार)),Prescription medication (डॉक्टर की सलाह से दवा)	5	Never 	Rarely (शायद ही कभी)	Yes (हाँ)
25	Desk Job with normal screen time (सामान्य समय तक कंप्यूटर के सामने बैठकर जॉब)	2nd Tier city (छोटा शहर)	Redness (लाल),Dry, irritated eyes (सुखी या आंख में जलन होना),A feeling of something in the eye (आँख में कुछ महसूस होना)	Several times a week (सप्ताह में कई बार)	Eye drops (आई ड्रॉप)	Increased screen time (computer/phone) (ज्यादा समय तक कंप्यूटर/फोन देखना )	18-25	Yes, somewhat aware (हाँ, कुछ हद तक अवगत)	https://api.sae.today/iota/clouds/audio/1e7196b6-cdcd-4e2f-b4d0-b681816fce3a-AUDIO.m4a	https://api.sae.today/iota/clouds/audio/4d8e0d3b-cd52-4d72-9527-81a647a53000-AUDIO.m4a	Over-the-counter(OTC) eye drops (आई ड्रॉप)	7	Never 	Daily (प्रतिदिन)	Maybe, I’d need more information (शायद, मुझे अधिक जानकारी चाहिए)
26	Field job in a dusty environment (धूल भरे माहौल में फील्ड जॉब)	2nd Tier city (छोटा शहर)	Blurred vision (धुंधला दिखना),Redness (लाल)	Rarely (शायद ही कभी)	Eye drops (आई ड्रॉप)	Air pollution (वायु प्रदूषण)	18-25	Yes, fully aware (हाँ, पूरी तरह से अवगत)	https://api.sae.today/iota/clouds/audio/98472d3d-9495-4765-a1cd-a90d2b528ff5-AUDIO.m4a	https://api.sae.today/iota/clouds/audio/ab57b7f7-94b3-4007-8433-d8eb2d432e49-AUDIO.m4a	Over-the-counter(OTC) eye drops (आई ड्रॉप),Prescription medication (डॉक्टर की सलाह से दवा),A wearable diagnostic and treatment device (पहनने योग्य डायग्नोस्टिक और उपचार डिवाइस)	8	Never 	Rarely (शायद ही कभी)	Yes (हाँ)
27	Any other (कोई और)	Villages (गांव)	Sensitivity to light (प्रकाश में जलन होना)	Rarely (शायद ही कभी)	Eye drops (आई ड्रॉप)	Increased screen time (computer/phone) (ज्यादा समय तक कंप्यूटर/फोन देखना ),Air pollution (वायु प्रदूषण),Air-conditioned environments (वातानुकूलित वातावरण),Aging (उम्र बढ़ना),Poor diet (खराब आहार)	18-25	No, not aware (नहीं, अवगत नहीं)	https://api.sae.today/iota/clouds/audio/0ca7db62-3646-4787-99eb-42aa1e80775f-AUDIO.m4a	https://api.sae.today/iota/clouds/audio/b4eef2af-d56c-4222-8a17-3705068e8483-AUDIO.m4a	Prescription medication (डॉक्टर की सलाह से दवा),Over-the-counter(OTC) eye drops (आई ड्रॉप),Lifestyle changes (screen time reduction, diet) (जीवनशैली में बदलाव (स्क्रीन टाइम में कमी, आहार)),A wearable diagnostic and treatment device (पहनने योग्य डायग्नोस्टिक और उपचार डिवाइस)	8	Never 	Rarely (शायद ही कभी)	No (नहीं)
28	Field job in a dusty environment (धूल भरे माहौल में फील्ड जॉब)	2nd Tier city (छोटा शहर)	Sensitivity to light (प्रकाश में जलन होना),Redness (लाल),Blurred vision (धुंधला दिखना)	Rarely (शायद ही कभी)	Eye drops (आई ड्रॉप),Tablet (टैबलेट)	Air pollution (वायु प्रदूषण),Air-conditioned environments (वातानुकूलित वातावरण),Contact lens use (चश्मा लगाना)	46-55	No, not aware (नहीं, अवगत नहीं)	https://api.sae.today/iota/clouds/audio/9097727a-89d9-4b36-afd3-e761c4475a06-AUDIO.m4a	https://api.sae.today/iota/clouds/audio/3c9c6154-cf21-4192-a7ad-45908740bbdf-AUDIO.m4a	Over-the-counter(OTC) eye drops (आई ड्रॉप),Prescription medication (डॉक्टर की सलाह से दवा),A wearable diagnostic and treatment device (पहनने योग्य डायग्नोस्टिक और उपचार डिवाइस)	9	Never 	A few times a month (महीने में कुछ बार)	Yes (हाँ)
29	Any other (कोई और)	2nd Tier city (छोटा शहर)	A feeling of something in the eye (आँख में कुछ महसूस होना)	Rarely (शायद ही कभी)	Eye drops (आई ड्रॉप)	Air pollution (वायु प्रदूषण),Poor diet (खराब आहार)	18-25	No, not aware (नहीं, अवगत नहीं)	https://api.sae.today/iota/clouds/audio/3e8a7902-9b46-4b6a-9fa1-cc041a2cda36-AUDIO.m4a	https://api.sae.today/iota/clouds/audio/65162d30-051a-4141-9966-0c9b67b5f592-AUDIO.m4a	Prescription medication (डॉक्टर की सलाह से दवा),Lifestyle changes (screen time reduction, diet) (जीवनशैली में बदलाव (स्क्रीन टाइम में कमी, आहार))	7	Never 	Rarely (शायद ही कभी)	Yes (हाँ)
30	Desk Job with normal screen time (सामान्य समय तक कंप्यूटर के सामने बैठकर जॉब)	2nd Tier city (छोटा शहर)	Redness (लाल)	A few times a month (महीने में कुछ बार)	Eye gels (आई जेल)	Air pollution (वायु प्रदूषण)	18-25	Yes, somewhat aware (हाँ, कुछ हद तक अवगत)	https://api.sae.today/iota/clouds/audio/e62d71f9-db46-4b85-b62c-4d193ef3cdd2-AUDIO.m4a	https://api.sae.today/iota/clouds/audio/d1a7fefa-a698-4922-ac70-9e03f99193af-AUDIO.m4a	Prescription medication (डॉक्टर की सलाह से दवा),Over-the-counter(OTC) eye drops (आई ड्रॉप)	6	Never 	A few times a month (महीने में कुछ बार)	Yes (हाँ)
31	Desk Job with normal screen time (सामान्य समय तक कंप्यूटर के सामने बैठकर जॉब)	1st Tier City (बड़ा शहर)	A feeling of something in the eye (आँख में कुछ महसूस होना)	Rarely (शायद ही कभी)	Eye drops (आई ड्रॉप)	Air pollution (वायु प्रदूषण),Increased screen time (computer/phone) (ज्यादा समय तक कंप्यूटर/फोन देखना )	Under 18	Yes, somewhat aware (हाँ, कुछ हद तक अवगत)	https://api.sae.today/iota/clouds/audio/86396f41-42a2-42cf-8023-06725915cab5-AUDIO.m4a	https://api.sae.today/iota/clouds/audio/126e6b24-e1a1-4bfb-8e80-2bfcd75edef4-AUDIO.m4a	Over-the-counter(OTC) eye drops (आई ड्रॉप),Lifestyle changes (screen time reduction, diet) (जीवनशैली में बदलाव (स्क्रीन टाइम में कमी, आहार)),Prescription medication (डॉक्टर की सलाह से दवा)	6	Never 	Never (कभी नहीं)	No (नहीं)
32	Any other (कोई और),Field job in a dusty environment (धूल भरे माहौल में फील्ड जॉब),Desk Job with normal screen time (सामान्य समय तक कंप्यूटर के सामने बैठकर जॉब)	1st Tier City (बड़ा शहर)	Redness (लाल)	Rarely (शायद ही कभी)	None of the above (इनमें से कोई नहीं)	Air pollution (वायु प्रदूषण),Increased screen time (computer/phone) (ज्यादा समय तक कंप्यूटर/फोन देखना )	18-25	Yes, fully aware (हाँ, पूरी तरह से अवगत)	https://api.sae.today/iota/clouds/audio/eb0aa7b6-64c6-4cb0-a8ce-2d0c0d58af4e-AUDIO.m4a	https://api.sae.today/iota/clouds/audio/366f6ff9-d0c1-49aa-8b33-8e8d12840143-AUDIO.m4a	Lifestyle changes (screen time reduction, diet) (जीवनशैली में बदलाव (स्क्रीन टाइम में कमी, आहार)),Prescription medication (डॉक्टर की सलाह से दवा),Over-the-counter(OTC) eye drops (आई ड्रॉप)	6	Never 	A few times a month (महीने में कुछ बार)	Yes (हाँ)
33	Any other (कोई और)	3rd Tier city (कस्बा)	A feeling of something in the eye (आँख में कुछ महसूस होना)	Rarely (शायद ही कभी)	Eye drops (आई ड्रॉप)	Air pollution (वायु प्रदूषण),Increased screen time (computer/phone) (ज्यादा समय तक कंप्यूटर/फोन देखना ),Poor diet (खराब आहार)	18-25	Yes, somewhat aware (हाँ, कुछ हद तक अवगत)	https://api.sae.today/iota/clouds/audio/f1ce0243-1a3b-4681-87af-470f407229b7-AUDIO.m4a	https://api.sae.today/iota/clouds/audio/c4874072-8672-4d24-8818-1848626846dc-AUDIO.m4a	Lifestyle changes (screen time reduction, diet) (जीवनशैली में बदलाव (स्क्रीन टाइम में कमी, आहार)),Over-the-counter(OTC) eye drops (आई ड्रॉप)	8	Never 	Rarely (शायद ही कभी)	Yes (हाँ)
34	Any other (कोई और)	Villages (गांव)	Never (कभी नहीं)	Never (कभी नहीं)	None of the above (इनमें से कोई नहीं)	Increased screen time (computer/phone) (ज्यादा समय तक कंप्यूटर/फोन देखना ),Air pollution (वायु प्रदूषण),Air-conditioned environments (वातानुकूलित वातावरण)	18-25	No, not aware (नहीं, अवगत नहीं)	https://api.sae.today/iota/clouds/audio/5d802a87-b63e-4a6d-a8f1-65822a74f3d0-AUDIO.m4a	https://api.sae.today/iota/clouds/audio/9fe9b0e7-f8e8-4069-a0f0-12569a85c724-AUDIO.m4a	Other (अन्य)	8	Never 	Never (कभी नहीं)	Maybe, I’d need more information (शायद, मुझे अधिक जानकारी चाहिए)
35	Desk Job with normal screen time (सामान्य समय तक कंप्यूटर के सामने बैठकर जॉब)	1st Tier City (बड़ा शहर)	Dry, irritated eyes (सुखी या आंख में जलन होना),Redness (लाल),Sensitivity to light (प्रकाश में जलन होना)	Several times a week (सप्ताह में कई बार)	Eye drops (आई ड्रॉप),Eye gels (आई जेल)	Air pollution (वायु प्रदूषण),Air-conditioned environments (वातानुकूलित वातावरण),Aging (उम्र बढ़ना)	36-45	Yes, fully aware (हाँ, पूरी तरह से अवगत)	https://api.sae.today/iota/clouds/audio/47e0e237-a19a-4d4e-a4c7-db587d3732e1-AUDIO.m4a	https://api.sae.today/iota/clouds/audio/fcacf2f6-1206-4eb9-b44f-e0bb736599c4-AUDIO.m4a	Over-the-counter(OTC) eye drops (आई ड्रॉप),Prescription medication (डॉक्टर की सलाह से दवा),A wearable diagnostic and treatment device (पहनने योग्य डायग्नोस्टिक और उपचार डिवाइस)	6	Never 	A few times a month (महीने में कुछ बार)	Yes (हाँ)
36	Desk Job with high screen time (ज्यादा समय तक कंप्यूटर के सामने बैठकर जॉब)	3rd Tier city (कस्बा)	Dry, irritated eyes (सुखी या आंख में जलन होना),Redness (लाल),A feeling of something in the eye (आँख में कुछ महसूस होना)	A few times a month (महीने में कुछ बार)	Eye drops (आई ड्रॉप),Eye gels (आई जेल)	Increased screen time (computer/phone) (ज्यादा समय तक कंप्यूटर/फोन देखना ),Air pollution (वायु प्रदूषण),Aging (उम्र बढ़ना),Poor diet (खराब आहार)	46-55	Yes, fully aware (हाँ, पूरी तरह से अवगत)	https://api.sae.today/iota/clouds/audio/8a213a62-c0a0-40e5-b56b-aeeeab0f1077-AUDIO.m4a	https://api.sae.today/iota/clouds/audio/81f9b417-3979-430e-9ff0-80c0b1c73231-AUDIO.m4a	Over-the-counter(OTC) eye drops (आई ड्रॉप),Prescription medication (डॉक्टर की सलाह से दवा),Lifestyle changes (screen time reduction, diet) (जीवनशैली में बदलाव (स्क्रीन टाइम में कमी, आहार)),A wearable diagnostic and treatment device (पहनने योग्य डायग्नोस्टिक और उपचार डिवाइस)	7	Yes 	Rarely (शायद ही कभी)	Maybe, I’d need more information (शायद, मुझे अधिक जानकारी चाहिए)
37	Desk Job with high screen time (ज्यादा समय तक कंप्यूटर के सामने बैठकर जॉब)	1st Tier City (बड़ा शहर)	Redness (लाल),Sensitivity to light (प्रकाश में जलन होना)	Rarely (शायद ही कभी)	Eye gels (आई जेल),Eye drops (आई ड्रॉप)	Increased screen time (computer/phone) (ज्यादा समय तक कंप्यूटर/फोन देखना ),Air pollution (वायु प्रदूषण),Poor diet (खराब आहार)	18-25	Yes, fully aware (हाँ, पूरी तरह से अवगत)	https://api.sae.today/iota/clouds/audio/38ff1587-5aa5-4dda-80a1-4c6b20b8cc7e-AUDIO.m4a	https://api.sae.today/iota/clouds/audio/68e207f8-3587-448c-9bf9-6c502dacbf42-AUDIO.m4a	Over-the-counter(OTC) eye drops (आई ड्रॉप),Prescription medication (डॉक्टर की सलाह से दवा),Lifestyle changes (screen time reduction, diet) (जीवनशैली में बदलाव (स्क्रीन टाइम में कमी, आहार)),A wearable diagnostic and treatment device (पहनने योग्य डायग्नोस्टिक और उपचार डिवाइस)	7	Never 	A few times a month (महीने में कुछ बार)	Yes (हाँ)
38	Any other (कोई और)	1st Tier City (बड़ा शहर)	Redness (लाल),Blurred vision (धुंधला दिखना),Dry, irritated eyes (सुखी या आंख में जलन होना)	Rarely (शायद ही कभी)	Eye drops (आई ड्रॉप),Tablet (टैबलेट)	Increased screen time (computer/phone) (ज्यादा समय तक कंप्यूटर/फोन देखना ),I don't know (मुझें नहीं पता)	Under 18	No, not aware (नहीं, अवगत नहीं)	https://api.sae.today/iota/clouds/audio/90cbb41a-3f99-4602-ac34-f043ba6f1142-AUDIO.m4a	https://api.sae.today/iota/clouds/audio/04345fb0-0331-4723-9f35-3aab4d6ff6a7-AUDIO.m4a	Over-the-counter(OTC) eye drops (आई ड्रॉप),Prescription medication (डॉक्टर की सलाह से दवा)	5	Never 	Rarely (शायद ही कभी)	No (नहीं)
39	Desk Job with high screen time (ज्यादा समय तक कंप्यूटर के सामने बैठकर जॉब)	2nd Tier city (छोटा शहर)	Sensitivity to light (प्रकाश में जलन होना)	Rarely (शायद ही कभी)	Eye drops (आई ड्रॉप)	Increased screen time (computer/phone) (ज्यादा समय तक कंप्यूटर/फोन देखना ),Air pollution (वायु प्रदूषण),Air-conditioned environments (वातानुकूलित वातावरण)	26-35	No, not aware (नहीं, अवगत नहीं)	https://api.sae.today/iota/clouds/audio/02e63d86-b65a-4c4c-be13-820d4e43f578-AUDIO.m4a	https://api.sae.today/iota/clouds/audio/180c6979-1344-45d6-88d0-724c19fea129-AUDIO.m4a	Lifestyle changes (screen time reduction, diet) (जीवनशैली में बदलाव (स्क्रीन टाइम में कमी, आहार)),Prescription medication (डॉक्टर की सलाह से दवा),A wearable diagnostic and treatment device (पहनने योग्य डायग्नोस्टिक और उपचार डिवाइस)	4	No	Rarely (शायद ही कभी)	No (नहीं)
40	Field job in a normal environment (सामान्य माहौल में फील्ड जॉब)	2nd Tier city (छोटा शहर)	Never (कभी नहीं)	Rarely (शायद ही कभी)	None of the above (इनमें से कोई नहीं)	Other (अन्य)	18-25	No, not aware (नहीं, अवगत नहीं)	https://api.sae.today/iota/clouds/audio/f0a24413-da19-4556-8f4e-05c0f70ba1b3-AUDIO.m4a	https://api.sae.today/iota/clouds/audio/bfeb6f68-7d40-4682-902f-303c6a45a4de-AUDIO.m4a	Prescription medication (डॉक्टर की सलाह से दवा)	7	Never 	Rarely (शायद ही कभी)	No (नहीं)
41	Field job in a normal environment (सामान्य माहौल में फील्ड जॉब)	2nd Tier city (छोटा शहर)	Blurred vision (धुंधला दिखना)	Daily (प्रतिदिन)	Eye drops (आई ड्रॉप)	Air pollution (वायु प्रदूषण),Aging (उम्र बढ़ना)	Over 55	Yes, somewhat aware (हाँ, कुछ हद तक अवगत)	https://api.sae.today/iota/clouds/audio/15fc4b8b-7f61-4b0b-8619-248cdd74e057-AUDIO.m4a	https://api.sae.today/iota/clouds/audio/33192c12-2481-4376-a134-2f012739e64e-AUDIO.m4a	Prescription medication (डॉक्टर की सलाह से दवा)	4	Maybe 	Rarely (शायद ही कभी)	Maybe, I’d need more information (शायद, मुझे अधिक जानकारी चाहिए)
42	Any other (कोई और)	2nd Tier city (छोटा शहर)	Never (कभी नहीं)	Never (कभी नहीं)	None of the above (इनमें से कोई नहीं)	I don't know (मुझें नहीं पता)	18-25	Yes, fully aware (हाँ, पूरी तरह से अवगत)	https://api.sae.today/iota/clouds/audio/45c24fb2-10f6-48b2-87b8-685105e74c77-AUDIO.m4a	https://api.sae.today/iota/clouds/audio/9c1f8a54-e670-437a-ab94-0b9367a42438-AUDIO.m4a	Other (अन्य)	2	Never 	Never (कभी नहीं)	No (नहीं)
43	Desk Job with normal screen time (सामान्य समय तक कंप्यूटर के सामने बैठकर जॉब)	2nd Tier city (छोटा शहर)	Sensitivity to light (प्रकाश में जलन होना)	Rarely (शायद ही कभी)	Eye drops (आई ड्रॉप)	Air-conditioned environments (वातानुकूलित वातावरण),Increased screen time (computer/phone) (ज्यादा समय तक कंप्यूटर/फोन देखना )	18-25	Yes, somewhat aware (हाँ, कुछ हद तक अवगत)	https://api.sae.today/iota/clouds/audio/4383d9d1-78f7-4099-a4b0-3b92d51e262a-AUDIO.m4a	https://api.sae.today/iota/clouds/audio/0d644f73-a436-405f-a362-eb1244d04671-AUDIO.m4a	Over-the-counter(OTC) eye drops (आई ड्रॉप),A wearable diagnostic and treatment device (पहनने योग्य डायग्नोस्टिक और उपचार डिवाइस)	6	Never 	A few times a month (महीने में कुछ बार)	No (नहीं)
44	Desk Job with high screen time (ज्यादा समय तक कंप्यूटर के सामने बैठकर जॉब)	2nd Tier city (छोटा शहर)	Dry, irritated eyes (सुखी या आंख में जलन होना),Redness (लाल),A feeling of something in the eye (आँख में कुछ महसूस होना)	Several times a week (सप्ताह में कई बार)	None of the above (इनमें से कोई नहीं)	Increased screen time (computer/phone) (ज्यादा समय तक कंप्यूटर/फोन देखना ),Air pollution (वायु प्रदूषण),Poor diet (खराब आहार)	18-25	Yes, somewhat aware (हाँ, कुछ हद तक अवगत)	https://api.sae.today/iota/clouds/audio/8a425939-229a-4222-8db8-1013a5e9526a-AUDIO.m4a	https://api.sae.today/iota/clouds/audio/7e5ddbb7-da82-4b62-bccb-4ac642e78bee-AUDIO.m4a	Over-the-counter(OTC) eye drops (आई ड्रॉप),Prescription medication (डॉक्टर की सलाह से दवा),Lifestyle changes (screen time reduction, diet) (जीवनशैली में बदलाव (स्क्रीन टाइम में कमी, आहार))	7	Never 	Rarely (शायद ही कभी)	No (नहीं)
45	Desk Job with normal screen time (सामान्य समय तक कंप्यूटर के सामने बैठकर जॉब)	2nd Tier city (छोटा शहर)	Blurred vision (धुंधला दिखना)	A few times a month (महीने में कुछ बार)	None of the above (इनमें से कोई नहीं)	Increased screen time (computer/phone) (ज्यादा समय तक कंप्यूटर/फोन देखना )	18-25	No, not aware (नहीं, अवगत नहीं)	https://api.sae.today/iota/clouds/audio/d2d6baab-f92e-4a17-9459-c1a60be4c852-AUDIO.m4a	https://api.sae.today/iota/clouds/audio/7ca42193-3ba8-4251-b783-a4bd51cd0254-AUDIO.m4a	Prescription medication (डॉक्टर की सलाह से दवा),Lifestyle changes (screen time reduction, diet) (जीवनशैली में बदलाव (स्क्रीन टाइम में कमी, आहार))	7	Never 	Rarely (शायद ही कभी)	Maybe, I’d need more information (शायद, मुझे अधिक जानकारी चाहिए)
46	Desk Job with normal screen time (सामान्य समय तक कंप्यूटर के सामने बैठकर जॉब)	2nd Tier city (छोटा शहर)	Redness (लाल),Blurred vision (धुंधला दिखना),Sensitivity to light (प्रकाश में जलन होना)	A few times a month (महीने में कुछ बार)	Eye drops (आई ड्रॉप)	Increased screen time (computer/phone) (ज्यादा समय तक कंप्यूटर/फोन देखना ),Air pollution (वायु प्रदूषण),Aging (उम्र बढ़ना),Poor diet (खराब आहार)	18-25	Yes, somewhat aware (हाँ, कुछ हद तक अवगत)	https://api.sae.today/iota/clouds/audio/6e6131b9-236e-40e6-9f94-632d3952927b-AUDIO.m4a	https://api.sae.today/iota/clouds/audio/9d758cfd-629d-4977-b538-4234cddd08cd-AUDIO.m4a	Lifestyle changes (screen time reduction, diet) (जीवनशैली में बदलाव (स्क्रीन टाइम में कमी, आहार)),Prescription medication (डॉक्टर की सलाह से दवा)	7	Never 	Rarely (शायद ही कभी)	Maybe, I’d need more information (शायद, मुझे अधिक जानकारी चाहिए)
47	Field job in a normal environment (सामान्य माहौल में फील्ड जॉब)	2nd Tier city (छोटा शहर)	Sensitivity to light (प्रकाश में जलन होना),Blurred vision (धुंधला दिखना)	Several times a week (सप्ताह में कई बार)	Eye drops (आई ड्रॉप)	Air pollution (वायु प्रदूषण),Increased screen time (computer/phone) (ज्यादा समय तक कंप्यूटर/फोन देखना ),Poor diet (खराब आहार)	26-35	Yes, somewhat aware (हाँ, कुछ हद तक अवगत)	https://api.sae.today/iota/clouds/audio/3d9a3a25-d97f-4df4-9713-b18cb422ddbf-AUDIO.m4a	https://api.sae.today/iota/clouds/audio/3526c4a8-4f07-45bb-bade-47b4fa9e4f73-AUDIO.m4a	Lifestyle changes (screen time reduction, diet) (जीवनशैली में बदलाव (स्क्रीन टाइम में कमी, आहार))	3	Yes 	Rarely (शायद ही कभी)	Maybe, I’d need more information (शायद, मुझे अधिक जानकारी चाहिए)
48	Field job in a normal environment (सामान्य माहौल में फील्ड जॉब)	Villages (गांव)	Blurred vision (धुंधला दिखना)	Rarely (शायद ही कभी)	Tablet (टैबलेट)	Air-conditioned environments (वातानुकूलित वातावरण),Poor diet (खराब आहार)	26-35	Yes, fully aware (हाँ, पूरी तरह से अवगत)	https://api.sae.today/iota/clouds/audio/f221bd37-0778-4a6c-9acd-d0307a0488d1-AUDIO.m4a	https://api.sae.today/iota/clouds/audio/5691a79e-d16b-40bc-a48f-2b1ba3f572de-AUDIO.m4a	Lifestyle changes (screen time reduction, diet) (जीवनशैली में बदलाव (स्क्रीन टाइम में कमी, आहार))	4	Yes 	Several times a week (सप्ताह में कई बार)	Yes (हाँ)
49	Field job in a normal environment (सामान्य माहौल में फील्ड जॉब)	Villages (गांव)	Blurred vision (धुंधला दिखना)	Rarely (शायद ही कभी)	Tablet (टैबलेट)	Air-conditioned environments (वातानुकूलित वातावरण),Poor diet (खराब आहार)	26-35	Yes, fully aware (हाँ, पूरी तरह से अवगत)	https://api.sae.today/iota/clouds/audio/7424e58d-e556-4d1b-87bf-1ccfe4fac46a-AUDIO.m4a	https://api.sae.today/iota/clouds/audio/49887437-6019-4c60-b191-f065f9569f70-AUDIO.m4a	Lifestyle changes (screen time reduction, diet) (जीवनशैली में बदलाव (स्क्रीन टाइम में कमी, आहार))	4	Yes 	Several times a week (सप्ताह में कई बार)	Yes (हाँ)
50	Field job in a normal environment (सामान्य माहौल में फील्ड जॉब)	Villages (गांव)	Blurred vision (धुंधला दिखना)	Rarely (शायद ही कभी)	Tablet (टैबलेट)	Air-conditioned environments (वातानुकूलित वातावरण),Poor diet (खराब आहार)	26-35	Yes, fully aware (हाँ, पूरी तरह से अवगत)	https://api.sae.today/iota/clouds/audio/56577fb9-1c32-4693-9e32-4a2cd0ecf4f1-AUDIO.m4a	https://api.sae.today/iota/clouds/audio/4aa344f7-2fe9-401f-a766-2360de4b4e05-AUDIO.m4a	Lifestyle changes (screen time reduction, diet) (जीवनशैली में बदलाव (स्क्रीन टाइम में कमी, आहार))	3	No	Several times a week (सप्ताह में कई बार)	Yes (हाँ)
51	Field job in a normal environment (सामान्य माहौल में फील्ड जॉब)	Villages (गांव)	Blurred vision (धुंधला दिखना)	Rarely (शायद ही कभी)	Tablet (टैबलेट)	Air-conditioned environments (वातानुकूलित वातावरण),Poor diet (खराब आहार)	26-35	Yes, fully aware (हाँ, पूरी तरह से अवगत)	https://api.sae.today/iota/clouds/audio/6d1b0c43-03d4-42aa-90c6-f5ee18906161-AUDIO.m4a	https://api.sae.today/iota/clouds/audio/137ab97e-d450-473e-800c-c6fe69c1bf99-AUDIO.m4a	Lifestyle changes (screen time reduction, diet) (जीवनशैली में बदलाव (स्क्रीन टाइम में कमी, आहार))	3	No	Several times a week (सप्ताह में कई बार)	Yes (हाँ)
52	Field job in a normal environment (सामान्य माहौल में फील्ड जॉब)	Villages (गांव)	Blurred vision (धुंधला दिखना)	Rarely (शायद ही कभी)	Tablet (टैबलेट)	Air-conditioned environments (वातानुकूलित वातावरण),Poor diet (खराब आहार)	26-35	Yes, fully aware (हाँ, पूरी तरह से अवगत)	https://api.sae.today/iota/clouds/audio/98905270-7203-47cd-ba85-019100c631d1-AUDIO.m4a	https://api.sae.today/iota/clouds/audio/d7b8b2fc-a84d-4b8e-b568-001f77322d35-AUDIO.m4a	Lifestyle changes (screen time reduction, diet) (जीवनशैली में बदलाव (स्क्रीन टाइम में कमी, आहार))	3	No	Several times a week (सप्ताह में कई बार)	Maybe, I’d need more information (शायद, मुझे अधिक जानकारी चाहिए)
53	Desk Job with normal screen time (सामान्य समय तक कंप्यूटर के सामने बैठकर जॉब)	3rd Tier city (कस्बा)	Sensitivity to light (प्रकाश में जलन होना)	Rarely (शायद ही कभी)	Eye drops (आई ड्रॉप)	Poor diet (खराब आहार),Air pollution (वायु प्रदूषण)	18-25	Yes, somewhat aware (हाँ, कुछ हद तक अवगत)	https://api.sae.today/iota/clouds/audio/b56610cb-b24f-46df-8aff-d9ee3e7167be-AUDIO.m4a	https://api.sae.today/iota/clouds/audio/4be93069-aa18-4b7e-bb2e-d03f98ac4529-AUDIO.m4a	Lifestyle changes (screen time reduction, diet) (जीवनशैली में बदलाव (स्क्रीन टाइम में कमी, आहार))	3	No	Rarely (शायद ही कभी)	Maybe, I’d need more information (शायद, मुझे अधिक जानकारी चाहिए)
54	Desk Job with normal screen time (सामान्य समय तक कंप्यूटर के सामने बैठकर जॉब)	3rd Tier city (कस्बा)	Sensitivity to light (प्रकाश में जलन होना)	Rarely (शायद ही कभी)	Eye drops (आई ड्रॉप)	Poor diet (खराब आहार),Air pollution (वायु प्रदूषण)	18-25	Yes, somewhat aware (हाँ, कुछ हद तक अवगत)	https://api.sae.today/iota/clouds/audio/f9ee0d9c-d434-47cf-ba73-39115b78c101-AUDIO.m4a	https://api.sae.today/iota/clouds/audio/2519abe1-bde1-46f6-8c8c-29ce8ed3898d-AUDIO.m4a	Lifestyle changes (screen time reduction, diet) (जीवनशैली में बदलाव (स्क्रीन टाइम में कमी, आहार))	3	No	Rarely (शायद ही कभी)	Yes (हाँ)
55	Field job in a dusty environment (धूल भरे माहौल में फील्ड जॉब)	2nd Tier city (छोटा शहर)	Sensitivity to light (प्रकाश में जलन होना)	Rarely (शायद ही कभी)	Eye drops (आई ड्रॉप)	Poor diet (खराब आहार),Air pollution (वायु प्रदूषण),Increased screen time (computer/phone) (ज्यादा समय तक कंप्यूटर/फोन देखना )	Under 18	Yes, somewhat aware (हाँ, कुछ हद तक अवगत)	https://api.sae.today/iota/clouds/audio/741f06e6-7342-4bee-9a57-dd32f9c90df4-AUDIO.m4a	https://api.sae.today/iota/clouds/audio/15e298b1-d0f8-43bb-973a-25ff40088f4f-AUDIO.m4a	Prescription medication (डॉक्टर की सलाह से दवा)	3	Yes 	Rarely (शायद ही कभी)	Maybe, I’d need more information (शायद, मुझे अधिक जानकारी चाहिए)
56	Field job in a dusty environment (धूल भरे माहौल में फील्ड जॉब)	2nd Tier city (छोटा शहर)	Sensitivity to light (प्रकाश में जलन होना)	Rarely (शायद ही कभी)	Eye drops (आई ड्रॉप)	Poor diet (खराब आहार),Air pollution (वायु प्रदूषण),Increased screen time (computer/phone) (ज्यादा समय तक कंप्यूटर/फोन देखना )	Under 18	Yes, somewhat aware (हाँ, कुछ हद तक अवगत)	https://api.sae.today/iota/clouds/audio/56ab3f46-e7c5-4a3d-8e18-0c333ed28ea2-AUDIO.m4a	https://api.sae.today/iota/clouds/audio/fd5a22e0-8e97-4103-9b21-e0a418f64590-AUDIO.m4a	Prescription medication (डॉक्टर की सलाह से दवा)	3	Yes 	Rarely (शायद ही कभी)	Yes (हाँ)
57	Desk Job with normal screen time (सामान्य समय तक कंप्यूटर के सामने बैठकर जॉब)	2nd Tier city (छोटा शहर)	Blurred vision (धुंधला दिखना)	A few times a month (महीने में कुछ बार)	Eye drops (आई ड्रॉप)	Air pollution (वायु प्रदूषण),Poor diet (खराब आहार)	18-25	Yes, somewhat aware (हाँ, कुछ हद तक अवगत)	https://api.sae.today/iota/clouds/audio/fe48ebd0-a0f9-4638-bb03-453cef4e4e50-AUDIO.m4a	https://api.sae.today/iota/clouds/audio/44dccfe0-5c55-448b-94f8-ba5a1ab17e2a-AUDIO.m4a	Prescription medication (डॉक्टर की सलाह से दवा)	3	Maybe 	Rarely (शायद ही कभी)	Maybe, I’d need more information (शायद, मुझे अधिक जानकारी चाहिए)
58	Desk Job with normal screen time (सामान्य समय तक कंप्यूटर के सामने बैठकर जॉब)	2nd Tier city (छोटा शहर)	Blurred vision (धुंधला दिखना)	A few times a month (महीने में कुछ बार)	Eye drops (आई ड्रॉप)	Air pollution (वायु प्रदूषण),Poor diet (खराब आहार)	18-25	Yes, somewhat aware (हाँ, कुछ हद तक अवगत)	https://api.sae.today/iota/clouds/audio/f0b13bca-7fdf-40d5-9e67-03dfca1fef7f-AUDIO.m4a	https://api.sae.today/iota/clouds/audio/6e497b5b-e77b-4fc8-938f-ac265911e7b2-AUDIO.m4a	Prescription medication (डॉक्टर की सलाह से दवा)	3	Maybe 	Rarely (शायद ही कभी)	Yes (हाँ)
59	Desk Job with normal screen time (सामान्य समय तक कंप्यूटर के सामने बैठकर जॉब)	2nd Tier city (छोटा शहर)	Blurred vision (धुंधला दिखना)	A few times a month (महीने में कुछ बार)	Eye drops (आई ड्रॉप)	Air pollution (वायु प्रदूषण),Poor diet (खराब आहार)	18-25	Yes, somewhat aware (हाँ, कुछ हद तक अवगत)	https://api.sae.today/iota/clouds/audio/9d0b8ff5-b5ff-4680-ae9a-ec31c4cdbd14-AUDIO.m4a	https://api.sae.today/iota/clouds/audio/a2cd38a6-d831-4e78-a6ac-ea26c7fcf070-AUDIO.m4a	Prescription medication (डॉक्टर की सलाह से दवा)	3	Maybe 	Rarely (शायद ही कभी)	No (नहीं)
60	Any other (कोई और)	1st Tier City (बड़ा शहर)	Dry, irritated eyes (सुखी या आंख में जलन होना),Redness (लाल),A feeling of something in the eye (आँख में कुछ महसूस होना)	Rarely (शायद ही कभी)	Eye drops (आई ड्रॉप)	Increased screen time (computer/phone) (ज्यादा समय तक कंप्यूटर/फोन देखना ),Air pollution (वायु प्रदूषण)	18-25	No, not aware (नहीं, अवगत नहीं)	https://api.sae.today/iota/clouds/audio/201273f2-75cc-40cf-89bc-8892ef84e2d0-AUDIO.m4a	https://api.sae.today/iota/clouds/audio/eda44d42-7c57-4946-998d-8771a1d69af9-AUDIO.m4a	Prescription medication (डॉक्टर की सलाह से दवा),Lifestyle changes (screen time reduction, diet) (जीवनशैली में बदलाव (स्क्रीन टाइम में कमी, आहार))	4	Never 	Rarely (शायद ही कभी)	Maybe, I’d need more information (शायद, मुझे अधिक जानकारी चाहिए)
61	Desk Job with normal screen time (सामान्य समय तक कंप्यूटर के सामने बैठकर जॉब)	2nd Tier city (छोटा शहर)	Sensitivity to light (प्रकाश में जलन होना)	A few times a month (महीने में कुछ बार)	Eye drops (आई ड्रॉप)	Air-conditioned environments (वातानुकूलित वातावरण),Poor diet (खराब आहार),Contact lens use (चश्मा लगाना)	18-25	Yes, somewhat aware (हाँ, कुछ हद तक अवगत)	https://api.sae.today/iota/clouds/audio/d6e45b5e-56ca-440d-b66e-8f05ff0e9e4c-AUDIO.m4a	https://api.sae.today/iota/clouds/audio/d5fe699a-7211-4322-b8a1-67e35c8a5aa5-AUDIO.m4a	Prescription medication (डॉक्टर की सलाह से दवा),Lifestyle changes (screen time reduction, diet) (जीवनशैली में बदलाव (स्क्रीन टाइम में कमी, आहार))	6	Yes 	Daily (प्रतिदिन)	Yes (हाँ)
62	Any other (कोई और)	2nd Tier city (छोटा शहर)	Dry, irritated eyes (सुखी या आंख में जलन होना)	A few times a month (महीने में कुछ बार)	None of the above (इनमें से कोई नहीं)	Increased screen time (computer/phone) (ज्यादा समय तक कंप्यूटर/फोन देखना )	Under 18	Yes, somewhat aware (हाँ, कुछ हद तक अवगत)	https://api.sae.today/iota/clouds/audio/16fa0e07-2653-47a1-8db8-678dce295c75-AUDIO.m4a	https://api.sae.today/iota/clouds/audio/242c2527-35eb-4900-a07e-b5db561df42d-AUDIO.m4a	Lifestyle changes (screen time reduction, diet) (जीवनशैली में बदलाव (स्क्रीन टाइम में कमी, आहार))	7	Never 	Never (कभी नहीं)	Maybe, I’d need more information (शायद, मुझे अधिक जानकारी चाहिए)
63	Desk Job with high screen time (ज्यादा समय तक कंप्यूटर के सामने बैठकर जॉब)	3rd Tier city (कस्बा)	Dry, irritated eyes (सुखी या आंख में जलन होना)	A few times a month (महीने में कुछ बार)	Eye drops (आई ड्रॉप)	Air pollution (वायु प्रदूषण)	18-25	Yes, somewhat aware (हाँ, कुछ हद तक अवगत)	https://api.sae.today/iota/clouds/audio/7e22934a-bbac-49bd-9326-276c4cebc9b8-AUDIO.m4a	https://api.sae.today/iota/clouds/audio/4b697840-8fd2-4e20-8fff-6782048055db-AUDIO.m4a	Prescription medication (डॉक्टर की सलाह से दवा)	8	Never 	Rarely (शायद ही कभी)	Yes (हाँ)
64	Desk Job with normal screen time (सामान्य समय तक कंप्यूटर के सामने बैठकर जॉब)	2nd Tier city (छोटा शहर)	Blurred vision (धुंधला दिखना),A feeling of something in the eye (आँख में कुछ महसूस होना)	Several times a week (सप्ताह में कई बार)	Eye drops (आई ड्रॉप)	Increased screen time (computer/phone) (ज्यादा समय तक कंप्यूटर/फोन देखना )	18-25	Yes, somewhat aware (हाँ, कुछ हद तक अवगत)	https://api.sae.today/iota/clouds/audio/78eec44c-53b9-4ad4-9b0c-a3576c70f1a1-AUDIO.m4a	https://api.sae.today/iota/clouds/audio/8677f141-856f-48fc-8993-634c1142912e-AUDIO.m4a	Prescription medication (डॉक्टर की सलाह से दवा),Lifestyle changes (screen time reduction, diet) (जीवनशैली में बदलाव (स्क्रीन टाइम में कमी, आहार))	8	Never 	Several times a week (सप्ताह में कई बार)	Yes (हाँ)
65	Desk Job with normal screen time (सामान्य समय तक कंप्यूटर के सामने बैठकर जॉब)	2nd Tier city (छोटा शहर)	Blurred vision (धुंधला दिखना),A feeling of something in the eye (आँख में कुछ महसूस होना)	Several times a week (सप्ताह में कई बार)	Eye drops (आई ड्रॉप)	Increased screen time (computer/phone) (ज्यादा समय तक कंप्यूटर/फोन देखना )	18-25	Yes, somewhat aware (हाँ, कुछ हद तक अवगत)	https://api.sae.today/iota/clouds/audio/a4053fbe-4384-4450-8341-244ee39ab029-AUDIO.m4a	https://api.sae.today/iota/clouds/audio/5e4b27d0-9969-4770-8ca7-adef2e26630b-AUDIO.m4a	Prescription medication (डॉक्टर की सलाह से दवा),Lifestyle changes (screen time reduction, diet) (जीवनशैली में बदलाव (स्क्रीन टाइम में कमी, आहार))	8	Never 	Several times a week (सप्ताह में कई बार)	Yes (हाँ)
66	Desk Job with normal screen time (सामान्य समय तक कंप्यूटर के सामने बैठकर जॉब)	2nd Tier city (छोटा शहर)	Blurred vision (धुंधला दिखना),A feeling of something in the eye (आँख में कुछ महसूस होना)	Several times a week (सप्ताह में कई बार)	Eye drops (आई ड्रॉप)	Increased screen time (computer/phone) (ज्यादा समय तक कंप्यूटर/फोन देखना )	18-25	Yes, somewhat aware (हाँ, कुछ हद तक अवगत)	https://api.sae.today/iota/clouds/audio/bd2b1d13-18f3-4b86-81fc-ca79bf4e43ba-AUDIO.m4a	https://api.sae.today/iota/clouds/audio/771b63e3-7218-4db6-a042-188d36bb845c-AUDIO.m4a	Prescription medication (डॉक्टर की सलाह से दवा),Lifestyle changes (screen time reduction, diet) (जीवनशैली में बदलाव (स्क्रीन टाइम में कमी, आहार))	8	Never 	Several times a week (सप्ताह में कई बार)	Yes (हाँ)
67	Desk Job with normal screen time (सामान्य समय तक कंप्यूटर के सामने बैठकर जॉब)	2nd Tier city (छोटा शहर)	Blurred vision (धुंधला दिखना),A feeling of something in the eye (आँख में कुछ महसूस होना)	Several times a week (सप्ताह में कई बार)	Eye drops (आई ड्रॉप)	Increased screen time (computer/phone) (ज्यादा समय तक कंप्यूटर/फोन देखना )	18-25	Yes, somewhat aware (हाँ, कुछ हद तक अवगत)	https://api.sae.today/iota/clouds/audio/4935fc08-1b86-408d-baab-b8aeba77efff-AUDIO.m4a	https://api.sae.today/iota/clouds/audio/ab53898a-171c-4d7a-bb10-f3c2cd92002d-AUDIO.m4a	Prescription medication (डॉक्टर की सलाह से दवा),Lifestyle changes (screen time reduction, diet) (जीवनशैली में बदलाव (स्क्रीन टाइम में कमी, आहार))	8	Never 	Several times a week (सप्ताह में कई बार)	Yes (हाँ)
68	Desk Job with high screen time (ज्यादा समय तक कंप्यूटर के सामने बैठकर जॉब)	3rd Tier city (कस्बा)	Never (कभी नहीं)	Rarely (शायद ही कभी)	None of the above (इनमें से कोई नहीं)	Increased screen time (computer/phone) (ज्यादा समय तक कंप्यूटर/फोन देखना ),Air pollution (वायु प्रदूषण),Poor diet (खराब आहार)	18-25	No, not aware (नहीं, अवगत नहीं)	https://api.sae.today/iota/clouds/audio/2c810405-04d3-4449-a296-bf623624a42c-AUDIO.m4a	https://api.sae.today/iota/clouds/audio/e7484e31-0d95-41e9-9f0e-e7f422d4ab88-AUDIO.m4a	Lifestyle changes (screen time reduction, diet) (जीवनशैली में बदलाव (स्क्रीन टाइम में कमी, आहार)),Prescription medication (डॉक्टर की सलाह से दवा)	5	Never 	Never (कभी नहीं)	No (नहीं)
69	Any other (कोई और)	2nd Tier city (छोटा शहर)	Dry, irritated eyes (सुखी या आंख में जलन होना),A feeling of something in the eye (आँख में कुछ महसूस होना),Blurred vision (धुंधला दिखना)	Several times a week (सप्ताह में कई बार)	Eye drops (आई ड्रॉप)	Increased screen time (computer/phone) (ज्यादा समय तक कंप्यूटर/फोन देखना ),Air pollution (वायु प्रदूषण)	18-25	Yes, somewhat aware (हाँ, कुछ हद तक अवगत)	https://api.sae.today/iota/clouds/audio/6ba758ff-0f42-467a-a2ae-72a7b41a8d28-AUDIO.m4a	https://api.sae.today/iota/clouds/audio/28bfbc91-8f44-4784-92c0-1fa468578f12-AUDIO.m4a	Over-the-counter(OTC) eye drops (आई ड्रॉप)	8	Never 	Several times a week (सप्ताह में कई बार)	Yes (हाँ)
70	Desk Job with normal screen time (सामान्य समय तक कंप्यूटर के सामने बैठकर जॉब)	2nd Tier city (छोटा शहर)	Dry, irritated eyes (सुखी या आंख में जलन होना),Redness (लाल),Sensitivity to light (प्रकाश में जलन होना),A feeling of something in the eye (आँख में कुछ महसूस होना)	A few times a month (महीने में कुछ बार)	Eye drops (आई ड्रॉप)	Increased screen time (computer/phone) (ज्यादा समय तक कंप्यूटर/फोन देखना ),Air pollution (वायु प्रदूषण),Contact lens use (चश्मा लगाना)	18-25	Yes, fully aware (हाँ, पूरी तरह से अवगत)	https://api.sae.today/iota/clouds/audio/fd140f86-467f-4293-8c5c-473d5bcc9110-AUDIO.m4a	https://api.sae.today/iota/clouds/audio/97b6d748-d9d5-41be-9537-7223868dcebd-AUDIO.m4a	Over-the-counter(OTC) eye drops (आई ड्रॉप),Lifestyle changes (screen time reduction, diet) (जीवनशैली में बदलाव (स्क्रीन टाइम में कमी, आहार))	8	Never 	A few times a month (महीने में कुछ बार)	No (नहीं)
71	Desk Job with normal screen time (सामान्य समय तक कंप्यूटर के सामने बैठकर जॉब)	1st Tier City (बड़ा शहर)	Blurred vision (धुंधला दिखना)	Several times a week (सप्ताह में कई बार)	Eye drops (आई ड्रॉप)	Increased screen time (computer/phone) (ज्यादा समय तक कंप्यूटर/फोन देखना )	18-25	Yes, fully aware (हाँ, पूरी तरह से अवगत)	https://api.sae.today/iota/clouds/audio/96261156-f0eb-402a-b2b0-514de0da708d-AUDIO.m4a	https://api.sae.today/iota/clouds/audio/0525499c-03c4-4590-8f6f-2e77125a9831-AUDIO.m4a	Prescription medication (डॉक्टर की सलाह से दवा)	7	Never 	Several times a week (सप्ताह में कई बार)	Yes (हाँ)
72	Desk Job with normal screen time (सामान्य समय तक कंप्यूटर के सामने बैठकर जॉब)	1st Tier City (बड़ा शहर)	Never (कभी नहीं)	Rarely (शायद ही कभी)	Eye drops (आई ड्रॉप)	Increased screen time (computer/phone) (ज्यादा समय तक कंप्यूटर/फोन देखना ),Air pollution (वायु प्रदूषण),Aging (उम्र बढ़ना),Poor diet (खराब आहार)	18-25	Yes, somewhat aware (हाँ, कुछ हद तक अवगत)	https://api.sae.today/iota/clouds/audio/c6cba3b6-98fe-4261-95fa-e0890b8a6d52-AUDIO.m4a	https://api.sae.today/iota/clouds/audio/e1bbfb62-181e-49c7-be79-977df2fe98e4-AUDIO.m4a	Lifestyle changes (screen time reduction, diet) (जीवनशैली में बदलाव (स्क्रीन टाइम में कमी, आहार)),Over-the-counter(OTC) eye drops (आई ड्रॉप),A wearable diagnostic and treatment device (पहनने योग्य डायग्नोस्टिक और उपचार डिवाइस)	5	Never 	A few times a month (महीने में कुछ बार)	Yes (हाँ)
73	Any other (कोई और)	3rd Tier city (कस्बा)	Never (कभी नहीं)	Rarely (शायद ही कभी)	None of the above (इनमें से कोई नहीं)	I don't know (मुझें नहीं पता),Air-conditioned environments (वातानुकूलित वातावरण)	18-25	No, not aware (नहीं, अवगत नहीं)	https://api.sae.today/iota/clouds/audio/237498e7-ca6e-413d-919d-42ad850d8c0d-AUDIO.m4a	https://api.sae.today/iota/clouds/audio/a5533acc-753b-40a4-ab76-8e3e26032116-AUDIO.m4a	Lifestyle changes (screen time reduction, diet) (जीवनशैली में बदलाव (स्क्रीन टाइम में कमी, आहार))	7	Never 	Never (कभी नहीं)	No (नहीं)
74	Any other (कोई और)	2nd Tier city (छोटा शहर)	Never (कभी नहीं)	Never (कभी नहीं)	None of the above (इनमें से कोई नहीं)	Air pollution (वायु प्रदूषण)	18-25	No, not aware (नहीं, अवगत नहीं)	https://api.sae.today/iota/clouds/audio/7a1bcd30-fbbb-4618-ae12-764bdf2fbe6a-AUDIO.m4a	https://api.sae.today/iota/clouds/audio/26331275-f449-4334-975d-15373a44ff41-AUDIO.m4a	Other (अन्य)	5	Never 	Rarely (शायद ही कभी)	No (नहीं)
75	Any other (कोई और)	2nd Tier city (छोटा शहर)	Dry, irritated eyes (सुखी या आंख में जलन होना),A feeling of something in the eye (आँख में कुछ महसूस होना)	Rarely (शायद ही कभी)	Eye drops (आई ड्रॉप)	Increased screen time (computer/phone) (ज्यादा समय तक कंप्यूटर/फोन देखना ),Air pollution (वायु प्रदूषण),Aging (उम्र बढ़ना)	18-25	Yes, somewhat aware (हाँ, कुछ हद तक अवगत)	https://api.sae.today/iota/clouds/audio/21619db9-0525-4610-86e9-58fc514b8a44-AUDIO.m4a	https://api.sae.today/iota/clouds/audio/48e19d49-8135-4947-8487-5e7a336355b0-AUDIO.m4a	Over-the-counter(OTC) eye drops (आई ड्रॉप),Prescription medication (डॉक्टर की सलाह से दवा)	5	Never 	Never (कभी नहीं)	Maybe, I’d need more information (शायद, मुझे अधिक जानकारी चाहिए)
76	Field job in a normal environment (सामान्य माहौल में फील्ड जॉब)	2nd Tier city (छोटा शहर)	Never (कभी नहीं)	Rarely (शायद ही कभी)	None of the above (इनमें से कोई नहीं)	Air pollution (वायु प्रदूषण),Increased screen time (computer/phone) (ज्यादा समय तक कंप्यूटर/फोन देखना ),Aging (उम्र बढ़ना),Poor diet (खराब आहार)	36-45	Yes, somewhat aware (हाँ, कुछ हद तक अवगत)	https://api.sae.today/iota/clouds/audio/947bfffe-3c22-4645-a708-e116d9bb0631-AUDIO.m4a	https://api.sae.today/iota/clouds/audio/b40f01d3-01fd-4a78-ab6e-4e472cc90cb8-AUDIO.m4a	Prescription medication (डॉक्टर की सलाह से दवा)	1	Never 	Rarely (शायद ही कभी)	Maybe, I’d need more information (शायद, मुझे अधिक जानकारी चाहिए)
77	Desk Job with normal screen time (सामान्य समय तक कंप्यूटर के सामने बैठकर जॉब)	2nd Tier city (छोटा शहर)	Blurred vision (धुंधला दिखना)	A few times a month (महीने में कुछ बार)	Eye drops (आई ड्रॉप)	Aging (उम्र बढ़ना)	18-25	Yes, somewhat aware (हाँ, कुछ हद तक अवगत)	https://api.sae.today/iota/clouds/audio/5badb5fb-6b0a-4426-b92c-47336469ebec-AUDIO.m4a	https://api.sae.today/iota/clouds/audio/125a60df-9570-4c89-a6b7-cc0e7f48a458-AUDIO.m4a	Prescription medication (डॉक्टर की सलाह से दवा),Lifestyle changes (screen time reduction, diet) (जीवनशैली में बदलाव (स्क्रीन टाइम में कमी, आहार))	6	Never 	A few times a month (महीने में कुछ बार)	Maybe, I’d need more information (शायद, मुझे अधिक जानकारी चाहिए)
78	Field job in a normal environment (सामान्य माहौल में फील्ड जॉब)	Villages (गांव)	Never (कभी नहीं)	Never (कभी नहीं)	None of the above (इनमें से कोई नहीं)	Increased screen time (computer/phone) (ज्यादा समय तक कंप्यूटर/फोन देखना )	18-25	Yes, somewhat aware (हाँ, कुछ हद तक अवगत)	https://api.sae.today/iota/clouds/audio/a414eab3-2bf3-46c2-95ed-cb7e3fe8865e-AUDIO.m4a	https://api.sae.today/iota/clouds/audio/67e5c2fa-9ad5-48bc-9bc2-ce5d14833737-AUDIO.m4a	Prescription medication (डॉक्टर की सलाह से दवा)	1	Never 	Rarely (शायद ही कभी)	No (नहीं)
79	Desk Job with high screen time (ज्यादा समय तक कंप्यूटर के सामने बैठकर जॉब)	Villages (गांव)	Never (कभी नहीं)	Never (कभी नहीं)	Eye drops (आई ड्रॉप)	Increased screen time (computer/phone) (ज्यादा समय तक कंप्यूटर/फोन देखना )	26-35	Yes, somewhat aware (हाँ, कुछ हद तक अवगत)	https://api.sae.today/iota/clouds/audio/9406fad6-fdb6-4465-9585-8684dd6331d9-AUDIO.m4a	https://api.sae.today/iota/clouds/audio/8ae68a41-617a-4c4b-9a52-ccde49ee7458-AUDIO.m4a	Prescription medication (डॉक्टर की सलाह से दवा)	1	Never 	Rarely (शायद ही कभी)	No (नहीं)
80	Desk Job with high screen time (ज्यादा समय तक कंप्यूटर के सामने बैठकर जॉब)	Villages (गांव)	Never (कभी नहीं)	Never (कभी नहीं)	Eye drops (आई ड्रॉप)	Increased screen time (computer/phone) (ज्यादा समय तक कंप्यूटर/फोन देखना )	26-35	Yes, somewhat aware (हाँ, कुछ हद तक अवगत)	https://api.sae.today/iota/clouds/audio/57f3e0f7-2fbb-413a-a958-5ca354a4f1fe-AUDIO.m4a	https://api.sae.today/iota/clouds/audio/91b2daca-eeca-4924-8178-b2bccb1c0061-AUDIO.m4a	Prescription medication (डॉक्टर की सलाह से दवा)	1	Never 	Rarely (शायद ही कभी)	No (नहीं)
81	Desk Job with high screen time (ज्यादा समय तक कंप्यूटर के सामने बैठकर जॉब)	Villages (गांव)	Never (कभी नहीं)	Never (कभी नहीं)	Eye drops (आई ड्रॉप)	Increased screen time (computer/phone) (ज्यादा समय तक कंप्यूटर/फोन देखना )	26-35	Yes, somewhat aware (हाँ, कुछ हद तक अवगत)	https://api.sae.today/iota/clouds/audio/72c6b052-73ad-4c41-9061-23eecffa5a57-AUDIO.m4a	https://api.sae.today/iota/clouds/audio/359866ef-c104-4117-a82b-713572719780-AUDIO.m4a	Prescription medication (डॉक्टर की सलाह से दवा)	1	Never 	Rarely (शायद ही कभी)	No (नहीं)
82	Desk Job with high screen time (ज्यादा समय तक कंप्यूटर के सामने बैठकर जॉब)	Villages (गांव)	Never (कभी नहीं)	Never (कभी नहीं)	Eye drops (आई ड्रॉप)	Increased screen time (computer/phone) (ज्यादा समय तक कंप्यूटर/फोन देखना )	26-35	Yes, somewhat aware (हाँ, कुछ हद तक अवगत)	https://api.sae.today/iota/clouds/audio/85563fc5-f1a1-4bdb-9ee4-b6264150cc3a-AUDIO.m4a	https://api.sae.today/iota/clouds/audio/6600d918-2113-48e1-81f5-1b7a43fefba2-AUDIO.m4a	Prescription medication (डॉक्टर की सलाह से दवा)	1	Never 	Rarely (शायद ही कभी)	No (नहीं)
83	Desk Job with high screen time (ज्यादा समय तक कंप्यूटर के सामने बैठकर जॉब)	2nd Tier city (छोटा शहर)	Dry, irritated eyes (सुखी या आंख में जलन होना)	A few times a month (महीने में कुछ बार)	None of the above (इनमें से कोई नहीं)	Increased screen time (computer/phone) (ज्यादा समय तक कंप्यूटर/फोन देखना ),Air-conditioned environments (वातानुकूलित वातावरण),Air pollution (वायु प्रदूषण)	26-35	Yes, somewhat aware (हाँ, कुछ हद तक अवगत)	https://api.sae.today/iota/clouds/audio/1db2336a-dcaf-4092-9604-1716248679c1-AUDIO.m4a	https://api.sae.today/iota/clouds/audio/9b4481d9-7693-40c7-8e61-ab645c1d7e33-AUDIO.m4a	Prescription medication (डॉक्टर की सलाह से दवा),Lifestyle changes (screen time reduction, diet) (जीवनशैली में बदलाव (स्क्रीन टाइम में कमी, आहार))	6	Never 	Several times a week (सप्ताह में कई बार)	No (नहीं)
84	Desk Job with normal screen time (सामान्य समय तक कंप्यूटर के सामने बैठकर जॉब)	2nd Tier city (छोटा शहर)	Redness (लाल)	Rarely (शायद ही कभी)	Eye drops (आई ड्रॉप)	Air-conditioned environments (वातानुकूलित वातावरण)	Under 18	Yes, somewhat aware (हाँ, कुछ हद तक अवगत)	https://api.sae.today/iota/clouds/audio/6548c668-777c-428a-a98e-d0268d40bda9-AUDIO.m4a	https://api.sae.today/iota/clouds/audio/a51911ca-394f-43d3-92b6-c11b1aff291b-AUDIO.m4a	Over-the-counter(OTC) eye drops (आई ड्रॉप)	10	Never 	Daily (प्रतिदिन)	Maybe, I’d need more information (शायद, मुझे अधिक जानकारी चाहिए)
85	Desk Job with high screen time (ज्यादा समय तक कंप्यूटर के सामने बैठकर जॉब)	2nd Tier city (छोटा शहर)	Redness (लाल)	A few times a month (महीने में कुछ बार)	Eye gels (आई जेल)	Air-conditioned environments (वातानुकूलित वातावरण)	18-25	No, not aware (नहीं, अवगत नहीं)	https://api.sae.today/iota/clouds/audio/b91446cf-27e2-4475-a68f-63d1e63ac21e-AUDIO.m4a	https://api.sae.today/iota/clouds/audio/7d513181-840e-46ad-8b80-c307e99ee885-AUDIO.m4a	Prescription medication (डॉक्टर की सलाह से दवा)	6	No	Several times a week (सप्ताह में कई बार)	Yes (हाँ)
86	Desk Job with high screen time (ज्यादा समय तक कंप्यूटर के सामने बैठकर जॉब)	1st Tier City (बड़ा शहर)	Dry, irritated eyes (सुखी या आंख में जलन होना)	Several times a week (सप्ताह में कई बार)	Eye gels (आई जेल)	Other (अन्य)	18-25	Yes, fully aware (हाँ, पूरी तरह से अवगत)	https://api.sae.today/iota/clouds/audio/bad53843-842a-4ce2-957c-c6eb3ae0d44e-AUDIO.m4a	https://api.sae.today/iota/clouds/audio/d77369d0-3f78-4e24-88c0-644dc77af890-AUDIO.m4a	Prescription medication (डॉक्टर की सलाह से दवा)	6	Never 	Several times a week (सप्ताह में कई बार)	Maybe, I’d need more information (शायद, मुझे अधिक जानकारी चाहिए)
87	Any other (कोई और)	2nd Tier city (छोटा शहर)	Never (कभी नहीं)	Rarely (शायद ही कभी)	Eye drops (आई ड्रॉप)	Increased screen time (computer/phone) (ज्यादा समय तक कंप्यूटर/फोन देखना ),Air pollution (वायु प्रदूषण),Poor diet (खराब आहार)	18-25	No, not aware (नहीं, अवगत नहीं)	https://api.sae.today/iota/clouds/audio/e5d4a6d2-71f6-4e79-9944-628df6cf49c3-AUDIO.m4a	https://api.sae.today/iota/clouds/audio/28c72f4e-6b00-4f2a-bef7-98fcd52eee42-AUDIO.m4a	Other (अन्य)	8	Never 	Never (कभी नहीं)	Yes (हाँ)
88	Any other (कोई और)	1st Tier City (बड़ा शहर)	Never (कभी नहीं)	A few times a month (महीने में कुछ बार)	Eye drops (आई ड्रॉप)	Increased screen time (computer/phone) (ज्यादा समय तक कंप्यूटर/फोन देखना ),Aging (उम्र बढ़ना)	18-25	No, not aware (नहीं, अवगत नहीं)	https://api.sae.today/iota/clouds/audio/0cd1b4fe-8c8b-4d25-aba6-54fbc86d861a-AUDIO.m4a	https://api.sae.today/iota/clouds/audio/153d190c-1577-4062-9202-f1281c4fa660-AUDIO.m4a	Over-the-counter(OTC) eye drops (आई ड्रॉप),Prescription medication (डॉक्टर की सलाह से दवा),Lifestyle changes (screen time reduction, diet) (जीवनशैली में बदलाव (स्क्रीन टाइम में कमी, आहार)),A wearable diagnostic and treatment device (पहनने योग्य डायग्नोस्टिक और उपचार डिवाइस)	3	Never 	A few times a month (महीने में कुछ बार)	No (नहीं)
89	Desk Job with normal screen time (सामान्य समय तक कंप्यूटर के सामने बैठकर जॉब)	2nd Tier city (छोटा शहर)	Dry, irritated eyes (सुखी या आंख में जलन होना)	Rarely (शायद ही कभी)	Eye drops (आई ड्रॉप)	Increased screen time (computer/phone) (ज्यादा समय तक कंप्यूटर/फोन देखना ),Air pollution (वायु प्रदूषण)	18-25	Yes, fully aware (हाँ, पूरी तरह से अवगत)	https://api.sae.today/iota/clouds/audio/241815f6-9914-4a94-8a5e-9eef58d01046-AUDIO.m4a	https://api.sae.today/iota/clouds/audio/d23b9508-2b65-48a2-9bb1-1aca453126c8-AUDIO.m4a	Lifestyle changes (screen time reduction, diet) (जीवनशैली में बदलाव (स्क्रीन टाइम में कमी, आहार)),Prescription medication (डॉक्टर की सलाह से दवा)	8	Never 	Rarely (शायद ही कभी)	Maybe, I’d need more information (शायद, मुझे अधिक जानकारी चाहिए)
90	Desk Job with normal screen time (सामान्य समय तक कंप्यूटर के सामने बैठकर जॉब)	3rd Tier city (कस्बा)	Dry, irritated eyes (सुखी या आंख में जलन होना)	A few times a month (महीने में कुछ बार)	None of the above (इनमें से कोई नहीं)	Increased screen time (computer/phone) (ज्यादा समय तक कंप्यूटर/फोन देखना ),Contact lens use (चश्मा लगाना)	18-25	Yes, somewhat aware (हाँ, कुछ हद तक अवगत)	https://api.sae.today/iota/clouds/audio/7037259d-142f-42bd-9f68-6f310397feb6-AUDIO.m4a	https://api.sae.today/iota/clouds/audio/360dbadc-53f5-4e07-8408-999ecd051cc2-AUDIO.m4a	Over-the-counter(OTC) eye drops (आई ड्रॉप),Prescription medication (डॉक्टर की सलाह से दवा),A wearable diagnostic and treatment device (पहनने योग्य डायग्नोस्टिक और उपचार डिवाइस)	6	Maybe 	Several times a week (सप्ताह में कई बार)	Yes (हाँ)
91	Field job in a normal environment (सामान्य माहौल में फील्ड जॉब)	3rd Tier city (कस्बा)	Never (कभी नहीं)	Never (कभी नहीं)	None of the above (इनमें से कोई नहीं)	I don't know (मुझें नहीं पता)	18-25	Yes, fully aware (हाँ, पूरी तरह से अवगत)	https://api.sae.today/iota/clouds/audio/bdbdb0c0-5937-45f8-8103-d923cae90159-AUDIO.m4a	https://api.sae.today/iota/clouds/audio/aeccdcf0-f79b-4c83-99f3-faa092eda6a5-AUDIO.m4a	Other (अन्य)	6	Never 	Never (कभी नहीं)	Maybe, I’d need more information (शायद, मुझे अधिक जानकारी चाहिए)
92	Desk Job with normal screen time (सामान्य समय तक कंप्यूटर के सामने बैठकर जॉब)	2nd Tier city (छोटा शहर)	Sensitivity to light (प्रकाश में जलन होना)	Rarely (शायद ही कभी)	Eye drops (आई ड्रॉप)	Air pollution (वायु प्रदूषण),Poor diet (खराब आहार)	18-25	Yes, fully aware (हाँ, पूरी तरह से अवगत)	https://api.sae.today/iota/clouds/audio/7ae02af0-391a-4656-9713-48ac7fc4be44-AUDIO.m4a	https://api.sae.today/iota/clouds/audio/eb346c7c-faae-4d43-b416-62677076fbba-AUDIO.m4a	Lifestyle changes (screen time reduction, diet) (जीवनशैली में बदलाव (स्क्रीन टाइम में कमी, आहार)),Prescription medication (डॉक्टर की सलाह से दवा)	3	Yes 	A few times a month (महीने में कुछ बार)	Maybe, I’d need more information (शायद, मुझे अधिक जानकारी चाहिए)
93	Any other (कोई और)	2nd Tier city (छोटा शहर)	Dry, irritated eyes (सुखी या आंख में जलन होना)	Several times a week (सप्ताह में कई बार)	Eye gels (आई जेल)	Air pollution (वायु प्रदूषण),Aging (उम्र बढ़ना),Contact lens use (चश्मा लगाना)	18-25	Yes, fully aware (हाँ, पूरी तरह से अवगत)	https://api.sae.today/iota/clouds/audio/e8dbda80-476d-4480-97f4-ee352e40747d-AUDIO.m4a	https://api.sae.today/iota/clouds/audio/7370545f-7d8f-494d-a7e3-39139989d01e-AUDIO.m4a	Over-the-counter(OTC) eye drops (आई ड्रॉप),Prescription medication (डॉक्टर की सलाह से दवा),Lifestyle changes (screen time reduction, diet) (जीवनशैली में बदलाव (स्क्रीन टाइम में कमी, आहार)),A wearable diagnostic and treatment device (पहनने योग्य डायग्नोस्टिक और उपचार डिवाइस)	6	Never 	A few times a month (महीने में कुछ बार)	Yes (हाँ)
94	Desk Job with high screen time (ज्यादा समय तक कंप्यूटर के सामने बैठकर जॉब)	2nd Tier city (छोटा शहर)	Sensitivity to light (प्रकाश में जलन होना),A feeling of something in the eye (आँख में कुछ महसूस होना)	Several times a week (सप्ताह में कई बार)	Surgery सर्जरी)	Aging (उम्र बढ़ना)	26-35	Yes, fully aware (हाँ, पूरी तरह से अवगत)	https://api.sae.today/iota/clouds/audio/6e38af0e-aee2-423f-a9af-757f4060d8c7-AUDIO.m4a	https://api.sae.today/iota/clouds/audio/2718ff67-fad3-431f-a213-05ae9b3f2259-AUDIO.m4a	Prescription medication (डॉक्टर की सलाह से दवा)	7	Never 	Never (कभी नहीं)	No (नहीं)
95	Any other (कोई और)	2nd Tier city (छोटा शहर)	Never (कभी नहीं)	Never (कभी नहीं)	Eye drops (आई ड्रॉप)	Increased screen time (computer/phone) (ज्यादा समय तक कंप्यूटर/फोन देखना ),Air pollution (वायु प्रदूषण),Aging (उम्र बढ़ना),I don't know (मुझें नहीं पता)	18-25	No, not aware (नहीं, अवगत नहीं)	https://api.sae.today/iota/clouds/audio/2ff5d4f5-b1ff-4fbf-a31a-262470457947-AUDIO.m4a	https://api.sae.today/iota/clouds/audio/b1565fe0-46fd-4357-8d6d-8ac589dd2439-AUDIO.m4a	Over-the-counter(OTC) eye drops (आई ड्रॉप),Prescription medication (डॉक्टर की सलाह से दवा)	7	Never 	Rarely (शायद ही कभी)	Maybe, I’d need more information (शायद, मुझे अधिक जानकारी चाहिए)
96	Desk Job with normal screen time (सामान्य समय तक कंप्यूटर के सामने बैठकर जॉब)	1st Tier City (बड़ा शहर)	Dry, irritated eyes (सुखी या आंख में जलन होना),Redness (लाल),A feeling of something in the eye (आँख में कुछ महसूस होना)	A few times a month (महीने में कुछ बार)	Eye drops (आई ड्रॉप)	Increased screen time (computer/phone) (ज्यादा समय तक कंप्यूटर/फोन देखना ),Air pollution (वायु प्रदूषण),Poor diet (खराब आहार)	18-25	No, not aware (नहीं, अवगत नहीं)	https://api.sae.today/iota/clouds/audio/cecd285e-d920-4ffa-850d-4c57f330c230-AUDIO.m4a	https://api.sae.today/iota/clouds/audio/e89bb780-e8c0-4696-91be-e316495b1d32-AUDIO.m4a	Prescription medication (डॉक्टर की सलाह से दवा)	7	Never 	A few times a month (महीने में कुछ बार)	Yes (हाँ)
97	Desk Job with normal screen time (सामान्य समय तक कंप्यूटर के सामने बैठकर जॉब)	2nd Tier city (छोटा शहर)	Redness (लाल),Sensitivity to light (प्रकाश में जलन होना),A feeling of something in the eye (आँख में कुछ महसूस होना)	Several times a week (सप्ताह में कई बार)	Eye drops (आई ड्रॉप)	Increased screen time (computer/phone) (ज्यादा समय तक कंप्यूटर/फोन देखना ),Air pollution (वायु प्रदूषण),Poor diet (खराब आहार),Air-conditioned environments (वातानुकूलित वातावरण)	18-25	No, not aware (नहीं, अवगत नहीं)	https://api.sae.today/iota/clouds/audio/92718b5d-d06d-49d5-ae16-b32f1d44fa56-AUDIO.m4a	https://api.sae.today/iota/clouds/audio/3f70d2b2-2ddc-4fd2-a835-840a7c271b3c-AUDIO.m4a	Lifestyle changes (screen time reduction, diet) (जीवनशैली में बदलाव (स्क्रीन टाइम में कमी, आहार)),Over-the-counter(OTC) eye drops (आई ड्रॉप)	6	Never 	Rarely (शायद ही कभी)	Maybe, I’d need more information (शायद, मुझे अधिक जानकारी चाहिए)
98	Any other (कोई और)	2nd Tier city (छोटा शहर)	A feeling of something in the eye (आँख में कुछ महसूस होना)	Rarely (शायद ही कभी)	Eye drops (आई ड्रॉप)	Increased screen time (computer/phone) (ज्यादा समय तक कंप्यूटर/फोन देखना ),Air pollution (वायु प्रदूषण),Aging (उम्र बढ़ना),Poor diet (खराब आहार),Air-conditioned environments (वातानुकूलित वातावरण)	18-25	Yes, somewhat aware (हाँ, कुछ हद तक अवगत)	https://api.sae.today/iota/clouds/audio/d3f46578-d100-49fd-898e-b8d02bc4c75c-AUDIO.m4a	https://api.sae.today/iota/clouds/audio/44bd8ff1-b327-4218-9261-a6e69573dedb-AUDIO.m4a	Prescription medication (डॉक्टर की सलाह से दवा),Lifestyle changes (screen time reduction, diet) (जीवनशैली में बदलाव (स्क्रीन टाइम में कमी, आहार)),Over-the-counter(OTC) eye drops (आई ड्रॉप)	7	Never 	Rarely (शायद ही कभी)	Maybe, I’d need more information (शायद, मुझे अधिक जानकारी चाहिए)
99	Any other (कोई और)	2nd Tier city (छोटा शहर)	A feeling of something in the eye (आँख में कुछ महसूस होना)	Rarely (शायद ही कभी)	Eye drops (आई ड्रॉप),Eye gels (आई जेल)	Increased screen time (computer/phone) (ज्यादा समय तक कंप्यूटर/फोन देखना ),Air pollution (वायु प्रदूषण),Air-conditioned environments (वातानुकूलित वातावरण),Poor diet (खराब आहार),Aging (उम्र बढ़ना)	18-25	Yes, somewhat aware (हाँ, कुछ हद तक अवगत)	https://api.sae.today/iota/clouds/audio/63f7fb6f-f2e7-4981-bf50-01fbc809e4d6-AUDIO.m4a	https://api.sae.today/iota/clouds/audio/a8fb122b-579c-4265-ab9a-afc152a964c9-AUDIO.m4a	Prescription medication (डॉक्टर की सलाह से दवा),Lifestyle changes (screen time reduction, diet) (जीवनशैली में बदलाव (स्क्रीन टाइम में कमी, आहार)),Over-the-counter(OTC) eye drops (आई ड्रॉप)	7	Never 	Rarely (शायद ही कभी)	Maybe, I’d need more information (शायद, मुझे अधिक जानकारी चाहिए)
100	Desk Job with high screen time (ज्यादा समय तक कंप्यूटर के सामने बैठकर जॉब)	2nd Tier city (छोटा शहर)	Dry, irritated eyes (सुखी या आंख में जलन होना),Never (कभी नहीं)	A few times a month (महीने में कुछ बार)	Eye drops (आई ड्रॉप)	Increased screen time (computer/phone) (ज्यादा समय तक कंप्यूटर/फोन देखना ),Air pollution (वायु प्रदूषण),Poor diet (खराब आहार)	18-25	Yes, fully aware (हाँ, पूरी तरह से अवगत)	https://api.sae.today/iota/clouds/audio/3b0f6ad7-6bca-49af-8565-61ea6ebb7e2f-AUDIO.m4a	https://api.sae.today/iota/clouds/audio/e18766ca-0e0a-46e3-9536-4a7388fed65a-AUDIO.m4a	Over-the-counter(OTC) eye drops (आई ड्रॉप),Prescription medication (डॉक्टर की सलाह से दवा),Lifestyle changes (screen time reduction, diet) (जीवनशैली में बदलाव (स्क्रीन टाइम में कमी, आहार))	7	Never 	A few times a month (महीने में कुछ बार)	Yes (हाँ)
101	Field job in a normal environment (सामान्य माहौल में फील्ड जॉब)	2nd Tier city (छोटा शहर)	A feeling of something in the eye (आँख में कुछ महसूस होना)	Rarely (शायद ही कभी)	Eye drops (आई ड्रॉप)	Increased screen time (computer/phone) (ज्यादा समय तक कंप्यूटर/फोन देखना ),Air pollution (वायु प्रदूषण),Aging (उम्र बढ़ना),Poor diet (खराब आहार)	18-25	Yes, somewhat aware (हाँ, कुछ हद तक अवगत)	https://api.sae.today/iota/clouds/audio/9ba8e8be-7f69-4e42-b9e7-21fcc1fc105f-AUDIO.m4a	https://api.sae.today/iota/clouds/audio/4392dcce-5d10-4b3b-9dd1-656b7214e815-AUDIO.m4a	Over-the-counter(OTC) eye drops (आई ड्रॉप),Prescription medication (डॉक्टर की सलाह से दवा),Lifestyle changes (screen time reduction, diet) (जीवनशैली में बदलाव (स्क्रीन टाइम में कमी, आहार))	7	Never 	Rarely (शायद ही कभी)	Maybe, I’d need more information (शायद, मुझे अधिक जानकारी चाहिए)
102	Field job in a normal environment (सामान्य माहौल में फील्ड जॉब)	2nd Tier city (छोटा शहर)	Blurred vision (धुंधला दिखना)	Several times a week (सप्ताह में कई बार)	Eye drops (आई ड्रॉप)	Increased screen time (computer/phone) (ज्यादा समय तक कंप्यूटर/फोन देखना )	18-25	Yes, somewhat aware (हाँ, कुछ हद तक अवगत)	https://api.sae.today/iota/clouds/audio/a16f8858-6e8f-4ea1-8ce4-e55b47363178-AUDIO.m4a	https://api.sae.today/iota/clouds/audio/80a8f9e2-4db5-462f-8154-48864d8080fb-AUDIO.m4a	Prescription medication (डॉक्टर की सलाह से दवा)	6	Never 	Several times a week (सप्ताह में कई बार)	Yes (हाँ)
103	Desk Job with high screen time (ज्यादा समय तक कंप्यूटर के सामने बैठकर जॉब)	2nd Tier city (छोटा शहर)	A feeling of something in the eye (आँख में कुछ महसूस होना)	A few times a month (महीने में कुछ बार)	Eye drops (आई ड्रॉप)	Increased screen time (computer/phone) (ज्यादा समय तक कंप्यूटर/फोन देखना )	18-25	No, not aware (नहीं, अवगत नहीं)	https://api.sae.today/iota/clouds/audio/ba6acbb5-a877-4a4b-a763-7a5db659453a-AUDIO.m4a	https://api.sae.today/iota/clouds/audio/b71a7835-7626-4e43-b407-4ab6d36cd60b-AUDIO.m4a	Lifestyle changes (screen time reduction, diet) (जीवनशैली में बदलाव (स्क्रीन टाइम में कमी, आहार))	2	Never 	Rarely (शायद ही कभी)	Maybe, I’d need more information (शायद, मुझे अधिक जानकारी चाहिए)
